Company,FiscalYear,FiscalYearAD,TOTAL_ASSETS,CASH_AND_BANK_BALANCE,MONEY_AT_SHORT_NOTICE,Due_from_NRB,Placement_with_BFIs,LOANS,Loans_and_Advances_to_BFIs,Loans_and_Advances_to_Customers,INVESTMENTS,Investment_Securities,Investment_in_Subsidiaries,Investment_in_Associates,Investment_Property,OTHER_ASSETS,Derivative_Financial_Instruments,Other_Trading_Assets,Current_Tax_Assets,Deferred_Tax_Assets,Other_Assets,Goodwill_and_Intangible_Assets,PROPERTY_AND_EQUIPMENT,LIABILITIES,BORROWINGS,Due_to_BFIs,Due_to_NRB,Borrowing,Debt_Securities_Issued,DEPOSITS,OTHER_LIABILITIES_AND_PROVISIONS,Provisions,Current_Tax_Liabilities,Deferred_Tax_Liabilities,Subordinated_Liabilities,Other_Liabilities,SHAREHOLDERS_EQUITY,PAID_UP_CAPITAL,RESERVES_AND_SURPLUSES,Share_Premium,Retained_Earnings,Reserves,Non_Controlling_Interest,TOTAL_LIABILITIES_AND_EQUITY,Interest_Income,Interest_Expense,Net_Interest_Income,Fees_and_Commission_Income,Fees_and_Commission_Expense,Net_Fees_and_Commission_Income,Net_Interest_Fee_and_Commission_Income,Net_Trading_Income,Other_Operating_Income,Total_Operating_Income,Impairment_Charge,Net_Operating_Income,Operating_Expenses,Staff_Expenses,Other_Operating_Expenses,Depreciation_and_Amortization,Operating_Profit,Non_Operating_Income,Non_Operating_Expense,Profit_before_Tax,Income_Tax,Current_Tax,Deferred_Tax,Profit_Loss_for_the_period,Comprehensive_Income,Total_Comprehensive_Income,Regulatory_Adjustment,Net_Profit_Loss_as_per_profit_or_loss,Profit_Required_to_be_Appropriated_to_Statutory_Reserve,Profit_Required_to_be_Transferred_to_Regulatory_Reserve,Distributable_Profit,Net_Profit_or_Loss_as_per_statement_of_Profit_or_Loss,Add:_Opening_Retained_Earning,Profit_required_to_be_appropriated_to_Statutory_Reserve,Appropriations:,General_Reserve,Foreign_Exchange_Fluctuation_Fund,Capital_Redemption_Reserve,Corporate_Social_Responsibility_Fund,Employees'_Training_Fund,Other,Profit_required_to_be_appropriated_to_Regulatory_Reserve,Transfer_to_Regulatory_Reserve,Transfer_from_Regulatory_Reserve,Distributable_Profit_or_(Loss),Interest_Rate_Spread,Capital_Fund_to_RWA,Non-Performing_Loan_(NPL)_to_Total_Loan,Total_Loan_Loss_Provision_to_Total_NPL,Cost_of_Funds,Credit_to_Deposit_Ratio,Base_Rate,Assets,Liabilities,Equity,Total_Equity_Attributable_To_Equity_Holders,Non-Controlling Interest,Tier_1_Capital_to_RWA,CET_1_Capital_to_RWA
ADBL,2072/2073,2015/2016,112709833000.0,10453609000.0,151811000.0,0.0,0.0,79751861000.0,0.0,0.0,13978587000.0,13978587000.0,0.0,0.0,0.0,7226032000.0,0.0,0.0,0.0,0.0,0.0,7226032000.0,1147933000.0,93950122000.0,1943203000.0,0.0,0.0,563203000.0,1380000000.0,87263495000.0,4743424000.0,0.0,0.0,0.0,0.0,0.0,18759711000.0,10374400000.0,8385311000.0,0.0,0.0,0.0,0.0,112709833000.0,9563218000.0,3382579000.0,6180639000.0,0.0,0.0,496153000.0,0.0,0.0,672454000.0,7349246000.0,-61803000.0,7411049000.0,,3511678000.0,869483000.0,0.0,3029888000.0,406392000.0,0.0,3436280000.0,,859050000.0,0.0,2577230000.0,0.0,0.0,0.0,0.0,0.0,0.0,0.0,,,,,,,,,,,,,,,,,,,,,,,,,,,,
ADBL,2073/2074,2016/2017,132996553000.0,3695416000.0,21603417000.0,0.0,0.0,92426799000.0,0.0,0.0,6432032000.0,6330567000.0,101465000.0,0.0,0.0,7733185000.0,0.0,0.0,0.0,0.0,6101000.0,7727084000.0,1105704000.0,104775076000.0,1587933000.0,0.0,0.0,667933000.0,920000000.0,99816272000.0,3370871000.0,0.0,0.0,0.0,0.0,0.0,28221478000.0,13937928000.0,14283550000.0,0.0,0.0,0.0,0.0,132996554000.0,11434767000.0,4224871000.0,7209896000.0,336024000.0,0.0,336024000.0,0.0,0.0,748860000.0,8294780000.0,-55964000.0,8350744000.0,,3427429000.0,842897000.0,0.0,4080418000.0,766041000.0,0.0,4846459000.0,,1188028000.0,0.0,3658431000.0,-908612000.0,2749819000.0,0.0,3658431000.0,0.0,1109800000.0,2548631000.0,,,,,,,,,,,,,,,,,,,,,,,,,,,,
ADBL,2074/2075,2017/2018,139848626000.0,3899693000.0,16351260000.0,0.0,0.0,99866016000.0,0.0,0.0,11914428000.0,11812963000.0,101465000.0,0.0,0.0,6686455000.0,0.0,0.0,0.0,0.0,131205000.0,6555250000.0,1130774000.0,109176289000.0,1016923000.0,0.0,0.0,556923000.0,460000000.0,105006497000.0,3152869000.0,0.0,0.0,0.0,0.0,0.0,30672336000.0,13937928000.0,16734408000.0,0.0,0.0,0.0,0.0,139848625000.0,13768167000.0,6966158000.0,6802009000.0,355523000.0,1029000.0,354494000.0,0.0,0.0,798042000.0,7954545000.0,-2464000.0,7957009000.0,,2833643000.0,867324000.0,0.0,4256042000.0,274686000.0,0.0,4530728000.0,,1453506000.0,0.0,3077222000.0,-635461000.0,2441761000.0,0.0,3077222000.0,0.0,-596069000.0,3673291000.0,3077222000.0,,0.0,,,,,,,,596069000.0,596069000.0,,3673291000.0,5.43,20.18,3.19,114.87,7.38,77.52,11.73,,,,,,,
ADBL,2075/2076,2018/2019,144899120100.0,14944541140.0,4561247410.0,4561247410.0,0.0,110378910900.0,495000000.0,109883910900.0,12121444950.0,16859858806.0,28840000.0,69384000.0,258423496.0,1696866820.0,0.0,0.0,304861123.0,0.0,2642285302.0,1313568540.0,1196108950.0,117887400200.0,1196614430.0,200262470.0,197727620.0,62040512.0,460000000.0,112848770600.0,3842015190.0,0.0,0.0,155577318.0,0.0,3755559790.0,27011719950.0,14448240960.0,12563478990.0,0.0,3793451951.0,10408942769.0,0.0,144899120100.0,15480122105.0,7865130446.0,7614991659.0,275217420.0,495550.0,274721880.0,5576716760.0,318873266.0,18897949.0,8938341198.0,540776610.0,9228187756.0,,2346076170.0,791414785.0,119591780.0,5341718317.0,382280672.0,0.0,3116142170.0,1532408354.0,1565726664.0,-33318310.0,2212127150.0,-52490330.0,2159636810.0,0.0,2212127150.0,508393070.0,374004890.0,1329729190.0,4353247231.0,,922263283.0,,870649446.0,32747682.0,,43532472.0,28478189.0,-20396824.0,119635901.0,182085383.0,62449482.0,3311348047.0,4.68,20.33,2.9,81.73,7.41,78.72,10.58,,,,28650635680.0,,,
ADBL,2076/2077,2019/2020,179417063792.0,8504501145.0,,12561906357.0,5007605980.0,,1149049951.0,123052284885.0,,24379545032.0,28840000.0,69384000.0,220925902.0,,133762200.0,37212444.0,853534962.0,0.0,1836048666.0,289802789.0,1292659481.0,150957625424.0,,103132518.0,9670494.0,12060080.0,2494649108.0,143648272757.0,,0.0,0.0,145013518.0,0.0,4544826950.0,28459438369.0,14989172698.0,,0.0,2100459552.0,11369806119.0,,179417063792.0,15349073111.0,9113280400.0,6235792710.0,1912610873.0,99142370.0,1813468503.0,8049261213.0,391148467.0,34854293.0,8475263973.0,344648259.0,8130615714.0,,2540615532.0,914518957.0,215531760.0,4459949465.0,80732249.0,36980.0,4540644735.0,1072612859.0,1071405453.0,1207406.0,3468031876.0,,,,,,,,3468031876.0,,714649138.0,,693606375.0,1545095.0,,34680319.0,16404148.0,-31586799.0,1087986831.0,1125484425.0,37497594.0,1665395907.0,4.44,20.46,2.71,121.11,6.4,66.31,9.26,,,,28459438369.0,0.0,,
ADBL,2077/2078,2020/2021,222520891576.0,10657796947.0,,9740613308.0,4117575000.0,,115165303.0,152862504947.0,,37898796739.0,28840000.0,69384000.0,198284843.0,,144592160.0,1640639672.0,1191126898.0,,2191201906.0,262005147.0,1476094467.0,190872075236.0,,175324116.0,8716363161.0,539652648.0,14476103219.0,162677269936.0,,,,319402441.0,,3967959716.0,31648816339.0,16422641802.0,,,3607666972.0,11618507564.0,,222520891576.0,14519025295.0,8254877673.0,6264147622.0,1628926316.0,45766689.0,1583159627.0,7847307249.0,959411125.0,502905965.0,9309624339.0,23566716.0,9286057623.0,,2703501772.0,1080589338.0,275262687.0,5226703827.0,26199520.0,3214015.0,5249689332.0,1555219192.0,1363284307.0,191934885.0,3694470140.0,,,,,,,,3694470140.0,,1240696893.0,,738894028.0,,500000000.0,36944701.0,35822464.0,-70964300.0,718771565.0,890939428.0,172167863.0,1735001682.0,4.37,23.13,1.84,152.46,4.7,73.53,7.13,,,,31648816339.0,,,
ADBL,2078/2079,2021/2022,245987541550.0,6581908028.0,,6208948746.0,127800000.0,,2417994323.0,178514788743.0,,45890179132.0,28840000.0,69384000.0,252593914.0,,101430000.0,1115574733.0,1004818949.0,,1798282703.0,229766704.0,1645231572.0,212237920053.0,,7998742407.0,9828901234.0,1777211512.0,20476211557.0,166496965813.0,,,,12655633.0,,5647231897.0,33749621497.0,18620627763.0,,,3906990597.0,11222003137.0,,245987541550.0,18998219117.0,11219114884.0,7779104233.0,1463709528.0,70921074.0,1392788455.0,9171892687.0,-262451359.0,242421352.0,9151862680.0,295148317.0,8856714363.0,,3329590571.0,1091697174.0,317260237.0,4118166382.0,87989523.0,51546554.0,4154609351.0,1464551572.0,1643674096.0,-179122524.0,2690057779.0,,,,,,,,2690057779.0,1878990438.0,790108801.0,,582168906.0,,500000000.0,26900578.0,25806965.0,-344767648.0,-128051182.0,179990669.0,308041851.0,3906990597.0,4.37,16.34,1.68,154.3,6.89,89.17,8.9,,,,33749621497.0,,,
ADBL,2079/2080,2022/2023,264661279181.0,9462881551.0,,7096495884.0,156300000.0,,8432457000.0,171699191787.0,,55383195331.0,28840000.0,69384000.0,248649555.0,,17588448.0,2007676819.0,717695136.0,53676170.0,7183064242.0,142901978.0,2240641450.0,230438243742.0,,2095919987.0,4571178.0,2136563784.0,20469234585.0,199486613568.0,,,,104048784.0,,6141291856.0,34223035440.0,18884386078.0,,,3608930960.0,11729718402.0,,264661279182.0,23606993499.0,15526592642.0,8080400857.0,1367890631.0,146775841.0,1221114790.0,9301515647.0,1057154014.0,134319000.0,10492988661.0,919120301.0,9573868360.0,,3432933314.0,1286752650.0,309968044.0,4544214352.0,158325721.0,56719063.0,4645821010.0,1546483935.0,1190664076.0,355819859.0,3099337075.0,,,,,,,,3099337076.0,3521792308.0,1133009146.0,,621682339.0,,500000000.0,30993371.0,9217191.0,-28883755.0,1966327930.0,-1440571485.0,-2040391769.0,2007156984.0,3.94,15.05,2.48,137.7,7.51,81.73,10.06,,,,34223035440.0,,,
ADBL,2080/2081,2023/2024,312992024970.0,4393913612.0,,8783230709.0,5886142500.0,,3279989935.0,201765881933.0,,75533173335.0,28840000.0,,943089080.0,,,1216149394.0,196055638.0,,8874073894.0,73199897.0,2214340680.0,275839899091.0,,197018769.0,3357331.0,2664573352.0,20479119555.0,243589840861.0,,,286572362.0,425415178.0,,8194001683.0,37152125878.0,18884386078.0,,,2662757740.0,15604982060.0,,312992024970.0,27141949462.0,17017669315.0,10124280147.0,1664192539.0,235916536.0,1428276003.0,11552556150.0,50683180.0,177794482.0,11781033812.0,1233610492.0,10547423320.0,,3786169569.0,999749167.0,466902695.0,5294601889.0,1425118.0,49113.0,5295977894.0,1640315257.0,1572906932.0,67408324.0,3655662638.0,,,,,,,,3655662638.0,1243168613.0,1276954030.0,,730659099.0,,500000000.0,36556626.0,36830993.0,-27092688.0,-959119481.0,-959119481.0,,2662757740.0,3.95,13.44,3.44,113.16,5.88,77.8,8.09,,,,37152125878.0,,,
ADBL,2081/2082,2024/2025,362502073670.0,4706776991.0,,22821623418.0,9848437500.0,,2900424319.0,213142809413.0,,96447099076.0,29013000.0,,1308435650.0,,254716079304.0,1666619168.0,448505907.0,,7155581916.0,23142168.0,2452111051.0,323346134953.0,,570773048.0,3357331.0,169291266.0,20481846212.0,2804657063.0,,,12029542.0,457352706.0,,5287370791.0,39155938714.0,19287936300.0,,,2877975616.0,16990026798.0,,362502073669.0,22822486830.0,13001002826.0,9821484004.0,1624666303.0,288794260.0,1335872043.0,11157356047.0,578416456.0,260048762.0,11995821265.0,106221764.0,11889599501.0,,4581696853.0,1024598219.0,435676502.0,5847627927.0,2539654.0,3590898.0,5850167581.0,390563108.0,1635910033.0,59781756.0,4154475792.0,,,,,,,,4154475792.0,393663575.0,1400634187.0,,830895158.0,500000000.0,1239499.0,41544758.0,21717226.0,5237546.0,-269529562.0,-269529562.0,,2877975616.0,3.96,13.36,3.26,132.66,3.81,68.68,5.87,,,,39155938714.0,,11.93,9.96
ADBL,2082/2083,2025/2026,377307473631.0,7277333750.0,,14589745466.0,14152906250.0,,2313782823.0,212438164384.0,,109488206657.0,29013000.0,,1342756638.0,,,1316828629.0,270033563.0,,11661475314.0,12887765.0,2414339392.0,338688199212.0,,1026876877.0,,2803771847.0,20483052672.0,309377760351.0,,,,333629561.0,,4663107904.0,38619274419.0,19287936300.0,,,2484736447.0,16846601672.0,,377307473631.0,5495815264.0,3071419831.0,2424395433.0,316179771.0,8154166.0,308025605.0,2732421038.0,-165033716.0,55844097.0,2623231419.0,1463853691.0,1159377728.0,,892695479.0,265787706.0,64128272.0,-63233729.0,149346.0,,-63084383.0,-68823269.0,,-68823269.0,5738886.0,,,,,,,,5738886.0,2816669319.0,95710063.0,,1147777.0,,,57389.0,69752897.0,24752000.0,-331932872.0,-241961695.0,,2484736447.0,3.92,13.63,4.78,109.66,3.68,65.13,5.42,,,,38619274419.0,,11.54,10.04
EBL,2072/2073,2015/2016,114841636000.0,23117394000.0,1300000000.0,0.0,0.0,68911543000.0,0.0,0.0,18198740000.0,18198740000.0,0.0,0.0,0.0,3926011000.0,0.0,0.0,0.0,0.0,0.0,3926011000.0,687948000.0,106229419000.0,1071345000.0,0.0,0.0,2500000.0,1068845000.0,93735481000.0,11422593000.0,0.0,0.0,0.0,0.0,0.0,8612219000.0,2742604000.0,5869615000.0,0.0,0.0,0.0,0.0,114841638000.0,5057077000.0,1828493000.0,3228584000.0,0.0,0.0,398913000.0,0.0,0.0,509798000.0,4137295000.0,75383000.0,4061912000.0,,953091000.0,603529000.0,0.0,2505292000.0,28998000.0,0.0,2534290000.0,,804049000.0,0.0,1730241000.0,0.0,0.0,0.0,0.0,0.0,0.0,0.0,,,,,,,,,,,,,,,,,,,,,,,,,,,,
EBL,2073/2074,2016/2017,118248614000.0,3060846000.0,21673394000.0,0.0,0.0,77123686000.0,0.0,0.0,9714085000.0,9514139000.0,199946000.0,0.0,0.0,6676603000.0,0.0,0.0,0.0,0.0,6707000.0,6669896000.0,783774000.0,105252027000.0,1083607000.0,0.0,0.0,14762000.0,1068845000.0,95094461000.0,9073959000.0,0.0,0.0,0.0,0.0,0.0,12996587000.0,5741095000.0,7255492000.0,0.0,0.0,0.0,0.0,118248614000.0,6798669000.0,3009792000.0,3788877000.0,853018000.0,113608000.0,739410000.0,0.0,0.0,93749000.0,4622036000.0,-6574000.0,4628610000.0,,1136568000.0,577501000.0,0.0,2914541000.0,7452000.0,0.0,2914541000.0,,864063000.0,0.0,2050478000.0,243579000.0,2294057000.0,0.0,2294057000.0,0.0,0.0,2294057000.0,,,,,,,,,,,,,,,,,,,,,,,,,,,,
EBL,2074/2075,2017/2018,146162966000.0,3370333000.0,24666266000.0,0.0,0.0,92777465000.0,0.0,0.0,19957618000.0,19714929000.0,242689000.0,0.0,0.0,5391284000.0,0.0,0.0,0.0,0.0,12932000.0,5378352000.0,0.0,130250636000.0,1095558000.0,0.0,0.0,26713000.0,1068845000.0,114852462000.0,14302616000.0,0.0,0.0,0.0,0.0,0.0,15912329000.0,8106863000.0,7805466000.0,0.0,0.0,0.0,0.0,146162965000.0,10158460000.0,5233688000.0,4924772000.0,375614000.0,130306000.0,245308000.0,0.0,0.0,547061000.0,5717141000.0,-175668000.0,5892809000.0,,1370468000.0,659448000.0,0.0,3862893000.0,-481000.0,0.0,3862412000.0,,1076088000.0,0.0,2786324000.0,-81595000.0,2704729000.0,0.0,2704729000.0,0.0,246110000.0,2704729000.0,,,,,,,,,,,,,,,4.75,14.97,0.2,675.0,5.61,75.98,8.45,,,,,,,
EBL,2075/2076,2018/2019,168684737000.0,7759121000.0,23853069000.0,23304569000.0,548500000.0,112006277000.0,7437355000.0,104568922000.0,21843605000.0,21510727000.0,279775000.0,311838000.0,21040000.0,1133817000.0,54102000.0,0.0,67975000.0,0.0,973417000.0,38323000.0,2088848000.0,151050801000.0,2876317000.0,601403000.0,1206069000.0,762497000.0,1068845000.0,129550539000.0,18623945000.0,0.0,0.0,77264000.0,0.0,18546681000.0,17633936000.0,8106863000.0,9527073000.0,238470000.0,2188038000.0,7100565000.0,0.0,168684737000.0,12957538000.0,7320852000.0,5636686000.0,1053574000.0,133605000.0,919969000.0,6556655000.0,306924000.0,101884000.0,6965463000.0,155593000.0,6809870000.0,,1606676000.0,702682000.0,144545000.0,4355967000.0,-5000.0,4384000.0,4351583000.0,,1305475000.0,0.0,3046108000.0,64293000.0,3110401000.0,0.0,3046108000.0,801791000.0,56279000.0,2188038000.0,3046109000.0,,801791000.0,,609222000.0,,166885000.0,12930000.0,7154000.0,5600000.0,56279000.0,189943000.0,133664000.0,2188038000.0,4.29,13.75,0.16,714.0,6.21,75.07,8.12,,,,,,,
EBL,2076/2077,2019/2020,185018806000.0,9646948000.0,,19972675000.0,3125200000.0,,6857500000.0,112195372000.0,,28813510000.0,0.0,368845000.0,21040000.0,,14537000.0,0.0,234114000.0,0.0,1630476000.0,45151000.0,2093440000.0,166397700000.0,,1182834000.0,32886000.0,0.0,1068845000.0,143545475000.0,,0.0,432572000.0,140976000.0,0.0,20426683000.0,18621107000.0,8510207000.0,,238470000.0,1727527000.0,8144903000.0,,185018806000.0,13956190000.0,8645778000.0,5310412000.0,1144436000.0,128503000.0,1015933000.0,6326345000.0,263566000.0,110422000.0,6700333000.0,548470000.0,6151863000.0,,1636278000.0,793323000.0,149835000.0,3572426000.0,0.0,613000.0,3571814000.0,,1071820000.0,0.0,2499994000.0,,,,,,,,2499994000.0,2324151000.0,701644000.0,301966000.0,499999000.0,,166885000.0,19601000.0,12359000.0,2800000.0,125184000.0,429819000.0,304635000.0,1673166000.0,3.59,13.32,0.22,682.0,6.11,68.57,8.05,,,,18621107000.0,0.0,,
EBL,2077/2078,2020/2021,211646308000.0,7863408000.0,,28838572000.0,3444700000.0,,7486024000.0,127681524000.0,,31460033000.0,,502316000.0,2203000.0,,118253000.0,,442820000.0,,1153958000.0,32837000.0,2737913000.0,190961003000.0,,678975000.0,2112185000.0,,468845000.0,160220257000.0,,,,423325000.0,,27029490000.0,20685305000.0,8933717000.0,,238470000.0,2364965000.0,9148153000.0,,211646308000.0,11519409000.0,7559209000.0,3960201000.0,978902000.0,210737000.0,768165000.0,4728365000.0,367239000.0,269938000.0,5365542000.0,268847000.0,5096695000.0,,1595262000.0,724710000.0,159857000.0,2616867000.0,,87000.0,2616780000.0,,788503000.0,,1828277000.0,,,,,,,,1828277000.0,901465000.0,400896000.0,,365655000.0,,46885000.0,-12367000.0,-5060000.0,5783000.0,-36119000.0,158760000.0,-194879000.0,2364965000.0,3.24,12.51,0.12,1311.0,4.48,72.52,5.99,,,,20685305000.0,,,
EBL,2078/2079,2021/2022,224300219000.0,10428537000.0,,11105032000.0,2875500000.0,,9573311000.0,145474070000.0,,39270163000.0,,707316000.0,2203000.0,,21075000.0,,513719000.0,,1549548000.0,23076000.0,2756670000.0,201606020000.0,,733073000.0,2919259000.0,2556000000.0,1325628000.0,172739185000.0,,,,91825000.0,,21241050000.0,22694200000.0,9467340000.0,,238470000.0,3895454000.0,9092936000.0,,224300219000.0,15607043000.0,10181066000.0,5425977000.0,1294958000.0,263073000.0,1031884000.0,6457862000.0,299491000.0,293167000.0,7050519000.0,463850000.0,6586669000.0,,1980237000.0,789656000.0,177120000.0,3639655000.0,,2429000.0,3637227000.0,,1091168000.0,,2546059000.0,,,,,,,,2546059000.0,1446376000.0,112773000.0,,509212000.0,600000.0,46808000.0,13342000.0,16039000.0,-473228000.0,3879662000.0,31307000.0,-47100000.0,3895455000.0,4.06,11.95,0.24,676.0,7.31,86.04,8.82,,,,22694200000.0,,,
EBL,2079/2080,2022/2023,249983269000.0,13803899000.0,,13433794000.0,5980975000.0,,8089606000.0,160210055000.0,,41689714000.0,,752988000.0,2203000.0,,35293000.0,,498533000.0,111957000.0,2130927000.0,23038000.0,3369739000.0,224486152000.0,,1219274000.0,23500000.0,2629000000.0,3603663000.0,197929061000.0,,,,87286000.0,,18973055000.0,25497117000.0,10698094000.0,,238470000.0,4333205000.0,10227349000.0,,249983269000.0,22438321000.0,14990247000.0,7448074000.0,1347454000.0,271927000.0,1075527000.0,8523601000.0,182784000.0,115640000.0,8822025000.0,735441000.0,8086584000.0,,2165930000.0,758339000.0,315264000.0,4847051000.0,478000.0,167000.0,4847362000.0,,1454209000.0,,3393154000.0,,,,,,,,3393154000.0,1756749000.0,720424000.0,,678631000.0,13027000.0,,18106000.0,10660000.0,-11860000.0,-96275000.0,-96275000.0,,4333204000.0,3.97,13.36,0.79,235.64,7.75,82.32,9.47,,,,25497117000.0,,,
EBL,2080/2081,2023/2024,293961158000.0,7308052000.0,,20764973000.0,6482025000.0,,7652663000.0,179647698000.0,,65156052000.0,,727810000.0,522302000.0,,18513000.0,,525463000.0,,1525222000.0,24477000.0,3605909000.0,266182002000.0,,1071805000.0,20000000.0,2349196000.0,3603613000.0,232316604000.0,,,,138467000.0,,26702317000.0,27779156000.0,11767904000.0,,238470000.0,3514492000.0,12258290000.0,,293961158000.0,22454915000.0,14794367000.0,7660548000.0,1638454000.0,295238000.0,1343216000.0,9003764000.0,338568000.0,52171000.0,9394503000.0,282404000.0,9112099000.0,,2285354000.0,1039675000.0,183778000.0,5603292000.0,,2227000.0,5601065000.0,,1900417000.0,,3700648000.0,,,,,,,,3700647000.0,1914170000.0,1398458000.0,,740130000.0,11429000.0,625778000.0,20490000.0,631000.0,,-701894000.0,-701894000.0,,3514465000.0,3.98,12.61,0.71,261.42,5.64,80.29,7.29,,,,27779156000.0,,,
EBL,2081/2082,2024/2025,365205354000.0,6691912000.0,,13661353000.0,7843200000.0,,9771879000.0,213623545000.0,,100524625000.0,,776283000.0,564286000.0,,4953600000.0,,419271000.0,,2125512000.0,116696000.0,4133192000.0,333181802000.0,,2335968000.0,,1100976000.0,6603613000.0,298818400000.0,,,,121050000.0,,19243044000.0,32023551000.0,12944694000.0,,238470000.0,4954470000.0,13885917000.0,,365205353000.0,20818988000.0,11689600000.0,9129388000.0,1877809000.0,348866000.0,1528943000.0,10658331000.0,499382000.0,8724000.0,11166437000.0,-161722000.0,11328159000.0,,2608065000.0,933492000.0,332367000.0,7454235000.0,,3365000.0,7450870000.0,,2532705000.0,,4918165000.0,,,,,,,,4918165000.0,1474814000.0,1595699000.0,,983633000.0,210000.0,597219000.0,6333000.0,8304000.0,80000000.0,157190000.0,157190000.0,,4954470000.0,3.48,13.28,0.38,383.32,3.87,77.48,5.36,,,,32023551000.0,,10.42,10.42
EBL,2082/2083,2025/2026,376327699000.0,8502449000.0,,52717545000.0,10131518000.0,,10385784000.0,227345818000.0,,51813121000.0,,762144000.0,538523000.0,,6766729000.0,,,,2930365000.0,200359000.0,4201584000.0,343229653000.0,,2892640000.0,,,6603613000.0,313890276000.0,,,129620000.0,42194000.0,,12904581000.0,33098047000.0,12944694000.0,,238470000.0,5496000000.0,14418883000.0,,376327700000.0,5309342000.0,2905445000.0,2403897000.0,633123000.0,82770000.0,550353000.0,2954250000.0,149500000.0,9969000.0,3113719000.0,423118000.0,2690601000.0,,672678000.0,254815000.0,77555000.0,1685553000.0,,876000.0,1684677000.0,,505403000.0,,1179274000.0,,,,,,,,1179274000.0,4893096000.0,481527000.0,,235855000.0,-2848000.0,232638000.0,10759000.0,5123000.0,,-94845000.0,-94845000.0,,5495998000.0,3.36,12.77,0.74,210.8,3.61,75.83,4.86,,,,33098047000.0,,10.07,10.07
GBIME,2072/2073,2015/2016,90277066000.0,8676007000.0,0.0,0.0,0.0,60841364000.0,0.0,0.0,17990718000.0,17990718000.0,0.0,0.0,0.0,1833990000.0,0.0,0.0,0.0,0.0,0.0,1833990000.0,934987000.0,81566886000.0,2800000000.0,0.0,0.0,2400000000.0,400000000.0,74682917000.0,4083969000.0,0.0,0.0,0.0,0.0,0.0,8710180000.0,6164268000.0,2545912000.0,0.0,0.0,0.0,0.0,90277066000.0,4988277000.0,2098706000.0,2889571000.0,0.0,0.0,562945000.0,0.0,0.0,493398000.0,3945914000.0,336256000.0,3609658000.0,,856788000.0,829893000.0,0.0,1922977000.0,54928000.0,0.0,1977905000.0,,591219000.0,0.0,1386686000.0,0.0,0.0,0.0,0.0,0.0,0.0,0.0,,,,,,,,,,,,,,,,,,,,,,,,,,,,
GBIME,2073/2074,2016/2017,119882781000.0,4126619000.0,18595024000.0,0.0,0.0,80609230000.0,0.0,0.0,13070744000.0,12850969000.0,219775000.0,0.0,0.0,2450499000.0,0.0,0.0,0.0,0.0,28731000.0,2421768000.0,1030665000.0,106113528000.0,1226518000.0,0.0,0.0,826518000.0,400000000.0,101123343000.0,3763667000.0,0.0,0.0,0.0,0.0,0.0,13769254000.0,8080342000.0,5688912000.0,0.0,0.0,0.0,0.0,119882782000.0,7492058000.0,3799262000.0,3692796000.0,888467000.0,165754000.0,722713000.0,0.0,0.0,360374000.0,4775883000.0,161920000.0,4613963000.0,,1059212000.0,740844000.0,0.0,2813907000.0,17073000.0,0.0,2830980000.0,,941612000.0,0.0,1889368000.0,16693000.0,1906061000.0,0.0,1889368000.0,0.0,-116793000.0,2006161000.0,,,,,,,,,,,,,,,,,,,,,,,,,,,,
GBIME,2074/2075,2017/2018,127923145000.0,3818193000.0,7529436000.0,0.0,0.0,93126974000.0,0.0,0.0,18447920000.0,18228145000.0,219775000.0,0.0,0.0,3676151000.0,0.0,0.0,0.0,0.0,31946000.0,3644205000.0,1324471000.0,113169773000.0,1434649000.0,0.0,0.0,1034649000.0,400000000.0,106510529000.0,5224595000.0,0.0,0.0,0.0,0.0,0.0,14753374000.0,8888376000.0,5864998000.0,0.0,0.0,0.0,0.0,127923147000.0,11404289000.0,7600268000.0,3804021000.0,948518000.0,221800000.0,726718000.0,0.0,0.0,443712000.0,4974451000.0,-280792000.0,5255243000.0,,1318630000.0,963672000.0,0.0,2972941000.0,-149096000.0,0.0,2823845000.0,,842078000.0,0.0,1981767000.0,-189615000.0,1792152000.0,0.0,1981767000.0,0.0,-174824000.0,2156591000.0,,,,,,,,,,,,,,,2.98,11.67,0.69,224.29,7.04,75.35,10.55,,,,,,,
GBIME,2075/2076,2018/2019,147767092900.0,4322104020.0,11781351780.0,5217312680.0,6564039100.0,113002918500.0,4017328580.0,108985590000.0,14348428080.0,13690389750.0,219775000.0,319577860.0,118685460.0,2938716700.0,232615480.0,0.0,1259551010.0,205385500.0,1212876090.0,28288610.0,1373573730.0,131412195600.0,7139128840.0,4410876030.0,1231800210.0,200000000.0,1496452600.0,120088440100.0,4184626650.0,925237540.0,1173675920.0,0.0,0.0,2085713190.0,16354897300.0,10310515960.0,6044381340.0,0.0,2837692740.0,3206688610.0,0.0,147767092900.0,13457016110.0,8288545360.0,5168470750.0,1181079050.0,197877110.0,983201940.0,6151672690.0,412125160.0,162395510.0,6726193360.0,140727140.0,6585466220.0,,1563643280.0,865753690.0,238304430.0,3917764820.0,27289530.0,0.0,3945054350.0,511969000.0,1173675920.0,-23915590.0,2795294020.0,-8455480.0,2786838530.0,0.0,2795294020.0,255611690.0,109824160.0,2429858160.0,2795294018.0,,-255611688.0,,-559058804.0,-103031289.0,267893020.0,-27952940.0,1538325.0,165000000.0,-109824163.0,-119712462.0,9888299.0,2429858167.0,4.47,12.31,0.55,273.99,7.18,78.69,9.54,,,,,,,
GBIME,2076/2077,2019/2020,274082959000.0,8722435000.0,,11775494000.0,9459379000.0,,7660465000.0,189388664000.0,,28018605000.0,557095000.0,404223000.0,335304000.0,,8876124000.0,0.0,1639870000.0,279843000.0,4181975000.0,240270000.0,2543213000.0,245065005000.0,,14327698000.0,1339361000.0,2404000000.0,1497065000.0,212315385000.0,,0.0,1294771000.0,0.0,0.0,3113280000.0,29017954000.0,18975880000.0,,5393000.0,1618563000.0,8418117000.0,,274082959000.0,20459463000.0,12267388000.0,8192075000.0,1472135000.0,242005000.0,1230130000.0,9422205000.0,579515000.0,206648000.0,10208368000.0,1740617000.0,8467751000.0,,2486110000.0,1272270000.0,304122000.0,4405249000.0,642000.0,58521000.0,4347370000.0,,1294771000.0,35443000.0,3088042000.0,,,,,,,,3088041534000.0,451330968000.0,1477538755000.0,,707874500000.0,26508586000.0,379111842000.0,-14379911000.0,6090382000.0,378423738000.0,328951272000.0,328951272000.0,,1732882475000.0,4.43,12.33,1.81,138.32,6.21,73.18,8.42,,,,29017954000.0,,,
GBIME,2077/2078,2020/2021,345372879000.0,11627844000.0,,25336114000.0,7011915000.0,,10320091000.0,228893978000.0,,52511823000.0,370695000.0,575594000.0,354649000.0,,5440370000.0,,2232790000.0,311200000.0,3682905000.0,239534000.0,3252012000.0,312684497000.0,,14914792000.0,10893999000.0,2383000000.0,4497744000.0,268433792000.0,,,1823038000.0,,,4297762000.0,32688384000.0,21632503000.0,,5393000.0,2850895000.0,8204986000.0,,345372881000.0,21554994000.0,12554636000.0,9000358000.0,1909045000.0,380250000.0,1528795000.0,10529153000.0,666455000.0,616825000.0,11812432000.0,1184808000.0,10627624000.0,,3068249000.0,1363442000.0,333863000.0,5862071000.0,10547000.0,,5872619000.0,1746106000.0,1823038000.0,-76932000.0,4126512000.0,,,,,,,,4126512000.0,,1162630000.0,,825302000.0,26301000.0,299864000.0,11163000.0,-2049000.0,,201978000.0,201978000.0,,2761904000.0,3.65,13.17,1.42,185.12,4.66,76.31,6.6,,,,32688384000.0,,,
GBIME,2078/2079,2021/2022,357690067000.0,17223943000.0,,11930868000.0,,,10558054000.0,258544423000.0,,47211552000.0,370695000.0,652917000.0,559448000.0,,1265936000.0,,2238645000.0,404384000.0,3113928000.0,228927000.0,3386345000.0,320541703000.0,,9067768000.0,14438908000.0,5755500000.0,4492869000.0,277492013000.0,,,2309842000.0,,,5713793000.0,37148364000.0,23795753000.0,,,3199536000.0,10153075000.0,,357690067000.0,29509611000.0,18768993000.0,10740618000.0,2210238000.0,533920000.0,1676317000.0,12416935000.0,594206000.0,467227000.0,13478368000.0,503790000.0,12974578000.0,,3409190000.0,1657283000.0,347955000.0,7560150000.0,3269000.0,162961000.0,7400458000.0,1452633000.0,2271534000.0,-77532000.0,5206455000.0,,,,,,,,5206455000.0,69816000.0,-1812694000.0,,-1041291000.0,-13622000.0,-708333000.0,-22678000.0,-26770000.0,,3393761000.0,-353424000.0,89384000.0,3199536000.0,4.26,12.72,1.22,204.83,7.48,89.21,9.4,,,,37148364000.0,,,
GBIME,2079/2080,2022/2023,526375695000.0,19071572000.0,,18649053000.0,668727000.0,,13494415000.0,356394700000.0,,98651339000.0,650695000.0,745165000.0,1737579000.0,,996239000.0,,3379590000.0,170656000.0,4627941000.0,499869000.0,6638155000.0,467692939000.0,,13023624000.0,470716000.0,3282546000.0,12181123000.0,426325446000.0,,,2996772000.0,161807000.0,,8465765000.0,58682757000.0,35771060000.0,,,2956956000.0,19954741000.0,,526375695000.0,48221364000.0,31103089000.0,17118275000.0,2744120000.0,683570000.0,2060550000.0,19178825000.0,474601000.0,229467000.0,19882893000.0,2715392000.0,17167501000.0,,4137678000.0,1853988000.0,806943000.0,10368892000.0,8526000.0,273478000.0,10103940000.0,,2996772000.0,-146286000.0,7253455000.0,,,,,,,,7253455000.0,-92226000.0,-2324125000.0,,-1450691000.0,-4625000.0,-779057000.0,-47985000.0,-25407000.0,-16360000.0,-1880149000.0,-1880149000.0,,2956956000.0,4.96,13.37,3.08,116.27,8.18,83.47,10.2,,,,58682757000.0,,,
GBIME,2080/2081,2023/2024,604395845000.0,49795644000.0,,21314921000.0,,,13764012000.0,369458044000.0,,120793833000.0,728395000.0,1419623000.0,5040340000.0,,4519350000.0,,2449131000.0,120866000.0,6923358000.0,888967000.0,7300227000.0,543407952000.0,,17433530000.0,373324000.0,12100951000.0,10684657000.0,487462540000.0,,,2578844000.0,191000.0,,8263571000.0,60987892000.0,36128770000.0,,,1104566000.0,23754556000.0,,604395845000.0,51461621000.0,34823697000.0,16637924000.0,3435090000.0,758401000.0,2676689000.0,19314613000.0,580853000.0,549302000.0,20444768000.0,3743301000.0,16701467000.0,,4726101000.0,2256811000.0,974744000.0,8743811000.0,7344000.0,183676000.0,8567479000.0,,2570417000.0,-19153000.0,6016215000.0,,,,,,,,6016216000.0,-1299995000.0,-409672000.0,,-1203243000.0,-1051000.0,935714000.0,11622000.0,-8076000.0,-144638000.0,-3201983000.0,-3201983000.0,,1104566000.0,3.99,12.53,4.37,104.61,6.21,75.87,8.09,,,,60987892000.0,,,
GBIME,2081/2082,2024/2025,689746863000.0,52688974000.0,,22144469000.0,,,15795204000.0,411791797000.0,,148734000000.0,728395000.0,1395771000.0,6057965000.0,,11071927000.0,,2441471000.0,,7705460000.0,866538000.0,8324891000.0,622041405000.0,,24423550000.0,331844000.0,12393476000.0,10687317000.0,550628438000.0,,,2620565000.0,520608000.0,,9392071000.0,67705458000.0,38115853000.0,,,5379300000.0,24210305000.0,,689746863000.0,43961495000.0,27249218000.0,16712277000.0,4187052000.0,965010000.0,3222042000.0,19934319000.0,916893000.0,425219000.0,21276431000.0,4305411000.0,16971020000.0,,4862378000.0,2475367000.0,862696000.0,8770579000.0,29782000.0,16319000.0,8784042000.0,,2620565000.0,-41268000.0,6204745000.0,,,,,,,,6204745000.0,19636000.0,-1970492000.0,,-1240949000.0,-2806000.0,-627778000.0,45300000.0,-27189000.0,-117070000.0,1125410000.0,1125410000.0,,5379299000.0,3.63,13.39,4.87,102.76,4.3,76.07,5.76,,,,67705458000.0,,10.66,10.66
GBIME,2082/2083,2025/2026,729628550000.0,48156996000.0,,36787160000.0,,,16104772000.0,421252080000.0,,162229212000.0,728395000.0,1395771000.0,6055995000.0,,19282741000.0,,139474000.0,882462000.0,7512805000.0,862188000.0,8131536000.0,661210840000.0,,26609966000.0,331844000.0,10257395000.0,10688038000.0,582254603000.0,,,913836000.0,882152000.0,,9990265000.0,68417712000.0,38115853000.0,,,4849506000.0,25452353000.0,,729628552000.0,10321005000.0,6187942000.0,4133063000.0,1111575000.0,203941000.0,907634000.0,5040697000.0,284266000.0,191248000.0,5516211000.0,1010988000.0,4505223000.0,,1318229000.0,602919000.0,212438000.0,2371637000.0,118741000.0,1243000.0,2489135000.0,,726635000.0,-96151000.0,1858651000.0,,,,,,,,1858650000.0,4054879000.0,-559139000.0,,-371730000.0,-2233000.0,-156944000.0,-16695000.0,-11537000.0,,-504883000.0,-504883000.0,,4849507000.0,3.48,12.98,4.98,109.63,3.92,73.34,5.4,,,,68417712000.0,,10.41,10.41
HBL,2072/2073,2015/2016,101180098000.0,7874984000.0,1482036000.0,0.0,0.0,69100890000.0,0.0,0.0,19306073000.0,19306073000.0,0.0,0.0,0.0,1493148000.0,0.0,0.0,0.0,0.0,0.0,1493148000.0,1922967000.0,92305569000.0,1600000000.0,0.0,0.0,1000000000.0,600000000.0,87323146000.0,3382423000.0,0.0,0.0,0.0,0.0,0.0,8874529000.0,4499145000.0,4375384000.0,0.0,0.0,0.0,0.0,101180098000.0,4974339000.0,1565896000.0,3408443000.0,0.0,0.0,1197361000.0,0.0,0.0,116901000.0,4722705000.0,17229000.0,4705476000.0,,1183181000.0,806452000.0,0.0,2715843000.0,32529000.0,0.0,2748372000.0,,832744000.0,0.0,1915628000.0,0.0,0.0,0.0,0.0,0.0,0.0,0.0,,,,,,,,,,,,,,,,,,,,,,,,,,,,
HBL,2073/2074,2016/2017,113017127000.0,2774379000.0,14373148000.0,0.0,0.0,78482420000.0,0.0,0.0,9843368000.0,9647582000.0,195786000.0,0.0,0.0,7543812000.0,0.0,0.0,0.0,0.0,76026000.0,7467786000.0,2190324000.0,99964630000.0,640000000.0,0.0,0.0,40000000.0,600000000.0,92881114000.0,6443516000.0,0.0,0.0,0.0,0.0,0.0,13052497000.0,6491624000.0,6560873000.0,0.0,0.0,0.0,0.0,113017127000.0,7106676000.0,3173334000.0,3933342000.0,784150000.0,64852000.0,719298000.0,0.0,0.0,694245000.0,5346885000.0,123457000.0,5223428000.0,,1404683000.0,784705000.0,0.0,3034040000.0,2294000.0,0.0,3036334000.0,,798158000.0,0.0,2238176000.0,14441000.0,2252617000.0,0.0,2238176000.0,0.0,59941000.0,2178235000.0,,,,,,,,,,,,,,,,,,,,,,,,,,,,
HBL,2074/2075,2017/2018,123140339000.0,4141268000.0,10148824000.0,0.0,0.0,87407345000.0,0.0,0.0,12449220000.0,12253434000.0,195786000.0,0.0,0.0,8993682000.0,0.0,0.0,0.0,0.0,85853000.0,8907829000.0,0.0,107696086000.0,600000000.0,0.0,0.0,0.0,600000000.0,99743045000.0,7353041000.0,0.0,0.0,0.0,0.0,0.0,15444253000.0,8114529000.0,7329724000.0,0.0,0.0,0.0,0.0,123140339000.0,9846232000.0,5403047000.0,4443185000.0,772038000.0,86584000.0,685454000.0,0.0,0.0,1053847000.0,6182486000.0,44385000.0,6138101000.0,,1580168000.0,840455000.0,0.0,3717478000.0,-55461000.0,0.0,3662017000.0,,1047396000.0,0.0,2614621000.0,47482000.0,2662103000.0,0.0,2614621000.0,0.0,140031000.0,2474590000.0,2614621000.0,,0.0,,,,,,,,-140031000.0,-140031000.0,,2474590000.0,4.0,13.03,0.98,184.52,6.42,77.02,9.66,,,,,,,
HBL,2075/2076,2018/2019,133295794200.0,4658553980.0,10114770580.0,4883535220.0,5231235350.0,97593660140.0,4772752720.0,92820907420.0,16770949530.0,16466029120.0,195786000.0,195785700.0,109134710.0,1766029840.0,127145270.0,0.0,203757080.0,0.0,1317450140.0,117677350.0,2391830150.0,117212588700.0,4883455150.0,3699494590.0,560812040.0,0.0,623148520.0,109390482200.0,2938651340.0,114584060.0,0.0,119344360.0,0.0,2698182320.0,16083205540.0,8520255840.0,7562949690.0,0.0,2236962430.0,5325987260.0,0.0,133295794200.0,11636372580.0,6594025200.0,5042347380.0,821306480.0,67406660.0,753899820.0,5796247190.0,718157900.0,175116610.0,6689521700.0,133683430.0,6555838270.0,,1585691020.0,771646290.0,171237710.0,4027263250.0,47649050.0,16851970.0,4058060330.0,,1213313400.0,-2258920.0,2847005850.0,-22541770.0,2824464080.0,0.0,2847005850.0,696970160.0,127596690.0,2022439000.0,2847005849.0,,696970161.0,,569401170.0,4419782.0,,17857659.0,19577264.0,85714286.0,127596688.0,128217781.0,621093.0,2022439000.0,4.47,12.73,1.12,187.54,6.55,75.59,9.05,,,,,,,
HBL,2076/2077,2019/2020,155824623122.0,7231138781.0,,12407815815.0,6342173790.0,,4998075266.0,101653351477.0,,18241666700.0,200000000.0,195785700.0,379802213.0,,115621217.0,0.0,370482555.0,0.0,1125816007.0,151101486.0,2411792115.0,138279326153.0,,6595869088.0,155736786.0,0.0,2563661608.0,125264381691.0,,0.0,183853232.0,95965899.0,0.0,3528167949.0,17545296969.0,9372281428.0,,0.0,2503056611.0,5669958930.0,,155824623122.0,12113633075.0,7356986062.0,4756647013.0,748673058.0,61910867.0,686762191.0,5443409204.0,764970517.0,146297101.0,6354676822.0,303100929.0,6051575893.0,,1644236551.0,878180800.0,180320527.0,3348838015.0,398076669.0,251580510.0,3495334174.0,,960262996.0,7517174.0,2542588352.0,,,,,,,,2542588352.0,,902920891.0,,508517670.0,,,25425884.0,,368977337.0,330423530.0,349939489.0,19515959.0,1309243931.0,3.77,14.67,1.01,218.11,6.18,66.85,8.38,,,,17545296969.0,0.0,,
HBL,2077/2078,2020/2021,178485825162.0,8910941260.0,,7535702797.0,3780743768.0,,6064172726.0,126029781862.0,,20433114122.0,200000000.0,185055333.0,379802213.0,,134079697.0,,413744217.0,,1676664933.0,222394052.0,2519628182.0,158405300216.0,,8360641959.0,3025596158.0,,2692806448.0,141021074860.0,,,,100484553.0,,3151760885.0,20080524946.0,10684400828.0,,,2809646527.0,6586477591.0,,178485825162.0,10370324852.0,6582118789.0,3788206063.0,778743599.0,80477947.0,698265652.0,4486471715.0,655009052.0,2227640891.0,7369121658.0,145322258.0,7223799400.0,,1864467816.0,865380500.0,186193570.0,4307757514.0,18340809.0,62308121.0,4263790202.0,,1281659377.0,-15870050.0,2998000875.0,,,,,,,,2998000875.0,,996595041.0,,599600175.0,,,29980009.0,,367014857.0,-168478587.0,191056300.0,-168478587.0,2169884421.0,3.32,13.85,0.48,394.94,4.61,76.77,6.75,,,,20080524946.0,,,
HBL,2078/2079,2021/2022,216291871666.0,11391809790.0,,7133564450.0,3322404549.0,,7851025911.0,147993952582.0,,31908672533.0,200000000.0,185011259.0,239095713.0,,17095798.0,,436934630.0,,2797993869.0,199109158.0,2615201424.0,194179695335.0,,3067875752.0,14807896891.0,,2693565077.0,168419486693.0,,,,87957456.0,,5077178576.0,22112176331.0,12968725725.0,,,2674683050.0,6468767556.0,,216291871666.0,16686804470.0,11562642512.0,5124161958.0,1019945563.0,104958407.0,914987156.0,6039149114.0,595910330.0,124003051.0,6759062495.0,410760579.0,6348301916.0,,1630485265.0,960012094.0,217234016.0,3540570541.0,10774613.0,19502312.0,3531842842.0,,1077844634.0,-28138290.0,2482136498.0,,,,,,,,2482136498.0,187536005.0,212781049.0,,-496427300.0,1334075.0,275261143.0,-24821365.0,,734029714.0,2694917547.0,-319836451.0,98975320.0,2661592421.0,4.0,11.63,0.77,242.75,8.0,88.8,9.88,,,,22112176331.0,,,
HBL,2079/2080,2022/2023,334150117737.0,18392307693.0,,20235962111.0,5019361507.0,,10587152507.0,230126786541.0,,37611146826.0,1060063200.0,190929197.0,589164236.0,,29836748.0,,694557121.0,,3739597916.0,1498482570.0,4374769564.0,298290092604.0,,5187370070.0,528445763.0,,8379651661.0,275310993682.0,,,,26142175.0,,8848699184.0,35860025133.0,21656615632.0,,,-711469412.0,14914878913.0,,334150117737.0,29106401504.0,19172987706.0,9933413798.0,1102620067.0,139306676.0,963313391.0,10896727189.0,382599088.0,278848992.0,11558175269.0,2156171001.0,9402004268.0,,2328791534.0,1097538748.0,484480173.0,5491193813.0,6791066.0,1070446865.0,4427538014.0,,1349240604.0,-187870372.0,3266167782.0,,,,,,,,3266167782.0,-1930136262.0,-927831948.0,,-653233556.0,-1169525.0,-147945205.0,5400853.0,-13909060.0,-118144980.0,-1119668981.0,-1119668981.0,,-711469409.0,4.79,13.23,4.57,93.02,8.61,84.7,10.86,,,,35860025133.0,,,
HBL,2080/2081,2023/2024,357502038390.0,8097764536.0,,35686946565.0,10501751116.0,,10098880969.0,232718879393.0,,42143258878.0,1060063200.0,190929197.0,2414932072.0,,26241227.0,,388740090.0,866530079.0,4153382467.0,983141792.0,8170596809.0,319191025130.0,,3825779953.0,400000000.0,,8384143498.0,293899590309.0,,,,18537201.0,,13067659541.0,38311013260.0,21656615632.0,,,-5784632382.0,22439030010.0,,357502038390.0,35577505585.0,23958096302.0,11619409283.0,1198675164.0,158224488.0,1040450676.0,12659859959.0,421847554.0,63098240.0,13144805753.0,2786818373.0,10357987380.0,,3198514944.0,1284287820.0,713472521.0,5161712095.0,9006927.0,1124348237.0,4046370785.0,,2057266006.0,-848944365.0,2838049144.0,,,,,,,,2838049144.0,-3154484042.0,-1259119613.0,,-567609829.0,,-875000000.0,-13649996.0,-7399474.0,204539686.0,-4209077872.0,-4209077872.0,,-5784632383.0,3.99,12.04,4.91,130.46,6.86,83.37,9.08,,,,38311013260.0,,,
HBL,2081/2082,2024/2025,372947315678.0,9705883458.0,,36929167270.0,18383887735.0,,10405889589.0,232858288109.0,,40506834190.0,1060063200.0,190929197.0,5664754343.0,,40320668.0,,332060445.0,2849660309.0,4854906064.0,968351868.0,8196319233.0,335032260622.0,,3900913848.0,,,8387698065.0,309158672473.0,,,,,,13524593658.0,37915055056.0,21656615632.0,,,-7101527363.0,23359966787.0,,372947315678.0,27700811425.0,17244121153.0,10456690272.0,1328353182.0,177001617.0,1151351565.0,11608041837.0,632557848.0,280757753.0,12521357438.0,1535046797.0,10986310641.0,,3640587765.0,1247078761.0,662151207.0,5436492908.0,13217891.0,3363358567.0,2086352232.0,,1658736677.0,-1084916564.0,1512532119.0,,,,,,,,1512532119.0,-7441526420.0,-1230885240.0,,-302506424.0,-530801.0,-875000000.0,-6482574.0,-26365441.0,-20000000.0,58352178.0,58352178.0,,-7101527363.0,3.29,11.64,7.28,107.1,4.84,81.35,6.63,,,,37915055056.0,,8.79,8.79
HBL,2082/2083,2025/2026,384674583032.0,10794102086.0,,43083286988.0,21832939377.0,,10810569960.0,232735984605.0,,40431184296.0,1060063200.0,190929197.0,5930432910.0,,56305088.0,,,2969437994.0,5472309948.0,1044598337.0,8213139494.0,344563047281.0,,6237070434.0,,,8257545071.0,315115801317.0,,,153752248.0,,,14742573123.0,40111535750.0,22581662532.0,,527276733.0,-7546487427.0,24549083912.0,,384674583031.0,6224375622.0,3717264270.0,2507111352.0,280913717.0,45538280.0,235375437.0,2742486789.0,206109904.0,105948655.0,3054545348.0,578962428.0,2475582920.0,,949358637.0,373640824.0,95959868.0,1056623591.0,13323881.0,27736359.0,1042211113.0,,492597061.0,-153280927.0,702894979.0,,,,,,,,702894979.0,-6993002427.0,-366983002.0,,-140578996.0,-820101.0,-218750000.0,-6833905.0,,,-889396979.0,-889396979.0,,-7546487429.0,3.34,12.29,7.39,108.37,4.26,76.15,6.08,,,,40111535750.0,,8.68,8.68
NABIL,2072/2073,2015/2016,128919596000.0,10262849000.0,819418000.0,0.0,0.0,77730401000.0,0.0,0.0,36098791000.0,36098791000.0,0.0,0.0,0.0,3223681000.0,0.0,0.0,0.0,0.0,0.0,3223681000.0,784456000.0,116610822000.0,2200000000.0,0.0,0.0,1900000000.0,300000000.0,110267272000.0,4143550000.0,0.0,0.0,0.0,0.0,0.0,12308775000.0,4756570000.0,7552205000.0,0.0,0.0,0.0,0.0,128919597000.0,6155660000.0,1829689000.0,4325971000.0,0.0,0.0,1071018000.0,0.0,0.0,332650000.0,5729639000.0,-50579000.0,5780218000.0,,1176402000.0,604809000.0,0.0,3999007000.0,11955000.0,0.0,4010962000.0,,1189398000.0,0.0,2821564000.0,0.0,0.0,0.0,0.0,0.0,0.0,0.0,,,,,,,,,,,,,,,,,,,,,,,,,,,,
NABIL,2073/2074,2016/2017,145105773000.0,7167161000.0,26439275000.0,0.0,0.0,91735857000.0,0.0,0.0,15257143000.0,15257143000.0,0.0,0.0,0.0,3715372000.0,0.0,0.0,0.0,0.0,61414000.0,3653958000.0,790965000.0,126550153000.0,3357786000.0,0.0,0.0,3056310000.0,301476000.0,118896624000.0,4295743000.0,0.0,0.0,0.0,0.0,0.0,18555619000.0,6185507000.0,12370112000.0,0.0,0.0,0.0,0.0,145105772000.0,8151688000.0,2606091000.0,5545597000.0,938114000.0,29739000.0,908375000.0,0.0,0.0,509504000.0,6963476000.0,43852000.0,6919624000.0,,1355846000.0,622675000.0,0.0,4941103000.0,321600000.0,0.0,5262703000.0,,1501439000.0,0.0,3761264000.0,-388605000.0,3372659000.0,0.0,3761264000.0,0.0,148063000.0,3613201000.0,,,,,,,,,,,,,,,,,,,,,,,,,,,,
NABIL,2074/2075,2017/2018,161304539000.0,7952350000.0,17532566000.0,0.0,0.0,112651661000.0,0.0,0.0,17440376000.0,17440376000.0,118000000.0,0.0,0.0,4741326000.0,0.0,0.0,0.0,0.0,50335000.0,4690991000.0,986260000.0,140429758000.0,92518000.0,0.0,0.0,32518000.0,60000000.0,135979335000.0,4357905000.0,0.0,0.0,0.0,0.0,0.0,20874781000.0,8043221000.0,12831560000.0,0.0,0.0,0.0,0.0,161304539000.0,11349867000.0,5087808000.0,6262059000.0,1042876000.0,39380000.0,1003496000.0,0.0,0.0,496038000.0,7761593000.0,43700000.0,7717893000.0,,1682174000.0,668890000.0,0.0,5366829000.0,468210000.0,0.0,5835039000.0,,1641032000.0,0.0,4194007000.0,-750271000.0,3443736000.0,0.0,4194007000.0,0.0,139262000.0,4054745000.0,4194006000.0,,0.0,,,,,,,,-139262000.0,-139262000.0,,4054744000.0,4.89,13.18,0.55,278.12,4.75,74.68,7.78,,,,,,,
NABIL,2075/2076,2018/2019,194983138000.0,12926711000.0,16732316000.0,5764260000.0,10968056000.0,135342820000.0,6058493000.0,129284327000.0,25390225000.0,25224006000.0,78000000.0,80000000.0,8219000.0,3539274000.0,203985000.0,0.0,130613000.0,0.0,3163275000.0,41401000.0,1051792000.0,171726815000.0,88475000.0,200072000.0,88475000.0,404700000.0,0.0,164373042000.0,7265298000.0,0.0,0.0,853132000.0,0.0,6412166000.0,23256323000.0,9011845000.0,14244478000.0,74000.0,4912080000.0,9332324000.0,0.0,194983138000.0,15420562000.0,8084526000.0,7336036000.0,1621063000.0,325042000.0,1296021000.0,8632057000.0,448566000.0,464177000.0,9544800000.0,387879000.0,9156921000.0,,2096075000.0,808350000.0,170173000.0,6082323000.0,17010000.0,3192000.0,6096141000.0,,1801959000.0,0.0,4294182000.0,126044000.0,4420226000.0,0.0,4294182000.0,999655510.0,109885850.0,3184640640.0,4294181342000.0,,999655507000.0,,858836268000.0,91515590000.0,,42941813000.0,6361836000.0,2112726000.0,109885855000.0,109885855000.0,,3184639980000.0,4.43,12.71,0.74,221.06,6.13,72.9,8.09,,,,,,,
NABIL,2076/2077,2019/2020,237721261000.0,19371810000.0,,5448851000.0,10230579000.0,,5836368000.0,148231388000.0,,33471813000.0,78000000.0,80000000.0,8219000.0,,10859598000.0,0.0,283017000.0,0.0,2431477000.0,71750000.0,1318391000.0,211919781000.0,,2228861000.0,53286000.0,0.0,2040548000.0,190806470000.0,,0.0,402840000.0,1320923000.0,0.0,4705490000.0,25801481000.0,10097497000.0,,74000.0,3042237000.0,12661672000.0,,237721261000.0,16499523000.0,9479249000.0,7020274000.0,1305227000.0,63251000.0,1241976000.0,8262250000.0,468086000.0,430412000.0,9160748000.0,744564000.0,8416184000.0,,2169786000.0,1037410000.0,115357000.0,5093631000.0,4447000.0,2505000.0,5095573000.0,1528901000.0,1528901000.0,0.0,3566672000.0,,,,,,,,3566673000.0,3735334000.0,3876506000.0,,714000000.0,76300000.0,37500000.0,35667000.0,4496000.0,3050539000.0,383264000.0,1017047000.0,,3042237000.0,3.73,12.81,0.97,195.52,5.49,68.08,7.32,,,,25801481000.0,0.0,,
NABIL,2077/2078,2020/2021,290380207000.0,5346971000.0,,8023601000.0,9867858000.0,,8601569000.0,198107369000.0,,41004272000.0,78000000.0,80000000.0,8747000.0,,13615333000.0,16959000.0,210471000.0,,3676667000.0,66043000.0,1693307000.0,257052053000.0,,4502705000.0,5450393000.0,,2100274000.0,223478087000.0,,1862507000.0,158207000.0,1222565000.0,,6663803000.0,33328153000.0,13844451000.0,,158758000.0,4302215000.0,15022728000.0,,290380207000.0,16839333000.0,9112293000.0,7727040000.0,1564348000.0,77237000.0,1487111000.0,9214151000.0,643761000.0,1485477000.0,11343388000.0,659972000.0,10683416000.0,,3064758000.0,1042584000.0,140902000.0,6435172000.0,3399000.0,6029000.0,6432542000.0,1928105000.0,2392318000.0,-464214000.0,4504437000.0,,,,,,,,4504437000.0,,153321000.0,,901000000.0,33000000.0,333333000.0,-31980000.0,,-1082032000.0,-204855000.0,,-204855000.0,4146261000.0,3.79,12.69,0.78,241.01,4.41,79.22,5.86,,,74000.0,33328153000.0,,,
NABIL,2078/2079,2021/2022,416170241000.0,9319810000.0,,13007769000.0,10602624000.0,,10366938000.0,301073089000.0,,61681088000.0,298000000.0,80000000.0,930730000.0,,1373614000.0,,422679000.0,,3750974000.0,124961000.0,3137963000.0,363586549000.0,,3353610000.0,4657437000.0,10720730000.0,6498689000.0,326222310000.0,,,258704000.0,1490389000.0,,9252646000.0,52583692000.0,22832909000.0,,176000.0,3371422000.0,26379186000.0,,416170241000.0,23782297000.0,14350317000.0,9431981000.0,1694294000.0,112702000.0,1581592000.0,11013573000.0,564990000.0,356855000.0,11935419000.0,703578000.0,11231841000.0,,2725614000.0,1232121000.0,177763000.0,7096342000.0,8702000.0,862000.0,7104181000.0,2131426000.0,2131426000.0,,4972756000.0,,,,,,,,4972756000.0,-620298000.0,-1398644000.0,,-995000000.0,-34900000.0,-333333000.0,-12643000.0,-21768000.0,-1000000.0,2953814000.0,5739900000.0,426386000.0,9120100000.0,4.22,13.44,1.54,154.16,7.17,89.79,8.77,,,,52583692000.0,,,
NABIL,2079/2080,2022/2023,483011058000.0,6774258000.0,,25640413000.0,13424390000.0,,8283059000.0,332698854000.0,,76875430000.0,1798000000.0,80000000.0,1827069000.0,,3833462000.0,,171476000.0,,7606990000.0,304330000.0,3864803000.0,424922239000.0,,6277712000.0,4603938000.0,4049000.0,6498689000.0,396843499000.0,,,293105000.0,2429534000.0,,8766754000.0,58088818000.0,27056997000.0,,176000.0,3961099000.0,27070722000.0,,483011058000.0,46381986000.0,28398776000.0,17983210000.0,3542648000.0,643469000.0,2899179000.0,20882389000.0,484776000.0,312556000.0,21679721000.0,3889529000.0,17790192000.0,,4692669000.0,1812437000.0,269076000.0,11016010000.0,43334000.0,274884000.0,10784460000.0,2192718000.0,3257311000.0,,7527149000.0,,,,,,,,7527149000.0,273761000.0,-2541278000.0,,-1506000000.0,-923407000.0,-35600000.0,-75271000.0,,-1000000.0,-1298532000.0,-1298532000.0,,3961099000.0,4.99,12.66,3.2,107.12,7.81,87.68,9.52,,,,58088818000.0,,,
NABIL,2080/2081,2023/2024,558421735000.0,8178988000.0,,20182905000.0,14287531000.0,,12149940000.0,373977599000.0,,102940712000.0,1798000000.0,80000000.0,2962634000.0,,7781530000.0,,578525000.0,,9616382000.0,292309000.0,4173204000.0,498853810000.0,,6687812000.0,,,9628440000.0,462085913000.0,,,260645000.0,1733501000.0,,10693757000.0,59567925000.0,27056997000.0,,,3857344000.0,28653584000.0,,558421735000.0,46303122000.0,30096111000.0,16207011000.0,3983518000.0,740242000.0,3243276000.0,19450287000.0,536655000.0,215669000.0,20202611000.0,3224390000.0,16978221000.0,,4766245000.0,1685442000.0,679683000.0,9846851000.0,38165000.0,89740000.0,9795276000.0,2735243000.0,2965967000.0,-230724000.0,7060033000.0,,,,,,,,7142862000.0,118332000.0,-2410635000.0,,-1428572000.0,-26351000.0,-923407000.0,-20171000.0,-11134000.0,-1000000.0,-993214000.0,-993214000.0,,3857345000.0,3.99,12.39,3.85,110.15,5.86,83.6,7.63,,,,59567925000.0,,,
NABIL,2081/2082,2024/2025,638155759000.0,7519089000.0,,21309898000.0,24279366000.0,,14195506000.0,412795547000.0,,117289485000.0,1798000000.0,80000000.0,4067766000.0,,20345559000.0,,581013000.0,,9057489000.0,372146000.0,4464895000.0,574416188000.0,,8633747000.0,,,9630773000.0,524625959000.0,,,318077000.0,1687331000.0,,9436461000.0,63739573000.0,27056997000.0,,,4773059000.0,31909517000.0,,638155761000.0,40470486000.0,24143189000.0,16327297000.0,4311876000.0,895712000.0,3416164000.0,19743461000.0,768124000.0,493525000.0,21005110000.0,2397906000.0,18607204000.0,,5228148000.0,1770702000.0,760503000.0,10847851000.0,74866000.0,577146000.0,10345571000.0,,3410085000.0,-192081000.0,7127567000.0,,,,,,,,7127566000.0,377204000.0,-2884243000.0,,-1426800000.0,-46549000.0,-1423407000.0,-71276000.0,-836000.0,84625000.0,152532000.0,152532000.0,-2234000.0,4773059000.0,3.57,11.94,0.95,108.6,4.41,82.48,5.83,,,,63739573000.0,,9.52,9.52
NABIL,2082/2083,2025/2026,675523530000.0,10549572000.0,,24699330000.0,29937130000.0,,15049512000.0,421026606000.0,,134806744000.0,1798000000.0,80000000.0,3845088000.0,,19824917000.0,,435264000.0,,8821394000.0,278164000.0,4374535000.0,610391361000.0,,9931167000.0,,,12463916000.0,556618505000.0,,,,1531161000.0,,10021695000.0,65132169000.0,27056997000.0,,,5635298000.0,32439874000.0,,675523530000.0,9801139000.0,5899879000.0,3901260000.0,1023103000.0,224375000.0,798728000.0,4699988000.0,225069000.0,349053000.0,5274110000.0,647227000.0,4626883000.0,,1478551000.0,387542000.0,180904000.0,2579886000.0,5760000.0,103401000.0,2482245000.0,,725254000.0,,1756991000.0,,,,,,,,1756991000.0,4773059000.0,-735621000.0,,-351398000.0,-13334000.0,-355852000.0,-17570000.0,1490000.0,1043000.0,-159133000.0,-159133000.0,,5635296000.0,3.51,12.67,0.97,108.71,4.13,78.14,5.58,,,,65132169000.0,,9.55,9.55
NICA,2072/2073,2015/2016,80467819000.0,7729439000.0,0.0,0.0,0.0,58457112000.0,0.0,0.0,12889815000.0,12889815000.0,0.0,0.0,0.0,864358000.0,0.0,0.0,0.0,0.0,0.0,864358000.0,527095000.0,73018583000.0,2350000000.0,0.0,0.0,1850000000.0,500000000.0,69487997000.0,1180586000.0,0.0,0.0,0.0,0.0,0.0,7449233000.0,4575374000.0,2873859000.0,0.0,0.0,0.0,0.0,80467816000.0,4421136000.0,2444176000.0,1976960000.0,0.0,0.0,311195000.0,0.0,0.0,344317000.0,2632472000.0,-91325000.0,2723797000.0,,697332000.0,507843000.0,0.0,1518622000.0,21507000.0,0.0,1540129000.0,,470039000.0,0.0,1070090000.0,0.0,0.0,0.0,0.0,0.0,0.0,0.0,,,,,,,,,,,,,,,,,,,,,,,,,,,,
NICA,2073/2074,2016/2017,104112657000.0,3479828000.0,11755135000.0,0.0,0.0,72876178000.0,0.0,0.0,10119615000.0,10019615000.0,100000000.0,0.0,0.0,5881901000.0,0.0,0.0,0.0,0.0,35387000.0,5846514000.0,889211000.0,93243296000.0,501468000.0,0.0,0.0,1550000000.0,501468000.0,86697140000.0,6044688000.0,0.0,0.0,0.0,0.0,0.0,10869361000.0,6692597000.0,4176764000.0,0.0,0.0,0.0,0.0,104112657000.0,6901556000.0,4362483000.0,2539073000.0,699547000.0,49919000.0,649628000.0,0.0,0.0,227136000.0,3415837000.0,-155527000.0,3571364000.0,,911722000.0,710196000.0,0.0,1949446000.0,123715000.0,0.0,2073161000.0,,634134000.0,0.0,1439027000.0,-150962000.0,1288065000.0,0.0,1288065000.0,0.0,196188000.0,1091877000.0,,,,,,,,,,,,,,,,,,,,,,,,,,,,
NICA,2074/2075,2017/2018,174932551000.0,7088542000.0,17769577000.0,0.0,0.0,121355917000.0,0.0,0.0,14254863000.0,13984863000.0,270000000.0,0.0,0.0,14463652000.0,0.0,0.0,0.0,0.0,49832000.0,14413820000.0,0.0,162712905000.0,3488299000.0,0.0,0.0,12500000.0,3488299000.0,151200984000.0,8023622000.0,0.0,0.0,0.0,0.0,0.0,12219645000.0,8026813000.0,4192832000.0,0.0,0.0,0.0,0.0,174932550000.0,13296176000.0,9335099000.0,3961077000.0,958051000.0,96498000.0,861553000.0,0.0,0.0,286919000.0,5109549000.0,-45343000.0,5154892000.0,,1548306000.0,1349823000.0,0.0,2256763000.0,-76540000.0,0.0,2180223000.0,,659664000.0,0.0,1520559000.0,-23888000.0,1496671000.0,0.0,1496671000.0,0.0,672014000.0,824657000.0,,,,,,,,,,,,,,,5.1,12.54,0.06,1550.48,7.67,74.12,11.16,,,,,,,
NICA,2075/2076,2018/2019,217702263200.0,20214540270.0,16481865250.0,16097915250.0,383950000.0,149506059500.0,6923285130.0,142582774400.0,19633397570.0,18152959020.0,1204500000.0,0.0,275938560.0,9282680820.0,7006010610.0,0.0,3345414140.0,0.0,2166179910.0,110490300.0,2583719790.0,202736450300.0,16560285030.0,8535646470.000001,314541460.0,10149433000.0,7710097100.0,176820688900.0,9355476390.0,0.0,240290290.0,209403520.0,0.0,1992373650.0,14965812850.0,8834228700.0,6131584150.0,0.0,2251116680.0,3880467470.0,0.0,217702263200.0,19345593620.0,12385561030.0,6960032590.0,2248910770.0,127599150.0,2121311620.0,9081344210.0,348920820.0,75974200.0,9506239220.0,590149390.0,8916089830.0,,2486790610.0,1649858500.0,204032940.0,4575407770.0,28959010.0,104165470.0,4500201300.0,,1366001450.0,80895780.0,3053304070.0,296997880.0,3350301940.0,0.0,3053304070.0,683371280.0,217075320.0,2152857470.0,3053304065000.0,,683371276000.0,,610660813000.0,635106000.0,71428572000.0,30533041000.0,,-29886256000.0,217075317000.0,217075317000.0,,2152857472000.0,4.41,13.48,0.46,272.47,6.97,74.84,9.48,,,,,,,
NICA,2076/2077,2019/2020,251852885050.0,12294510663.0,,18721482611.0,3368981398.0,,12708077852.0,160185659284.0,,29317244034.0,1264500000.0,0.0,496064382.0,,5636246706.0,9440000.0,4889066498.0,0.0,2994104363.0,112849533.0,3223639123.0,234617349466.0,,9271522999.0,587138515.0,0.0,9655637044.0,201630384459.0,,0.0,1258310004.0,298133395.0,0.0,6902322142.0,17235535584.0,9717651568.0,,0.0,1693777364.0,5824106652.0,,251852885050.0,20723315676.0,13118483968.0,7604831708.0,2643707014.0,159904081.0,2483802933.0,10088634641.0,339613196.0,298163002.0,10726410839.0,1120473789.0,9605937050.0,,2913809360.0,1971775707.0,252738473.0,4467613511.0,19852314.0,57383872.0,4430081953.0,,1265589687.0,43004400.0,3121487866.0,,,,,,,,3121487866.0,,1283213832.0,,624297573.0,572057.0,683333333.0,31214879.0,-56204010.0,,397539889.0,424273251.0,26733362.0,1440734145.0,4.39,13.2,0.75,228.0,5.56,70.29,7.7,,,,17235535584.0,0.0,,
NICA,2077/2078,2020/2021,345940258246.0,23876051962.0,,9072897671.0,,,14303041778.0,248811415255.0,,33061335984.0,1264500000.0,,1275463444.0,,5359380480.0,11800000.0,277201243.0,,5494082643.0,94925233.0,3038162554.0,325248291935.0,,13533656075.0,3238618707.0,,10740937282.0,286820615213.0,,,156803161.0,360890745.0,,5215653913.0,20691966311.0,11564005366.0,,,1953980021.0,7173980924.0,,345940258246.0,23562128326.0,14334625495.0,9227502831.0,1829740414.0,216898083.0,1612842331.0,10840345162.0,277780325.0,219417431.0,11337542918.0,1193435172.0,10144107746.0,,3363345135.0,1613718594.0,368151770.0,4798892247.0,7155255.0,158216336.0,4647831166.0,,1395922812.0,824209.0,3251084145.0,,,,,,,,3251084144.0,,844783248.0,,650216829.0,2453563.0,466000000.0,32510841.0,8352454.0,-312296876.0,484598853.0,484598853.0,150000000.0,1921702043.0,3.73,12.41,0.46,341.1,5.3,81.12,6.84,,,,20691966311.0,,,
NICA,2078/2079,2021/2022,358423654468.0,27591988416.0,,12521711192.0,,,14099444435.0,252443497542.0,,39393738103.0,1264500000.0,,722531322.0,,588216000.0,162822000.0,7119770.0,,6990574616.0,132654932.0,3093072139.0,333270012279.0,,6754201873.0,19727764978.0,,10726356675.0,289903959721.0,,,220610750.0,268469574.0,,5889259458.0,25153642189.0,11564005366.0,,,3845991376.0,9743645447.0,,358423654468.0,33254500125.0,21482312140.0,11772187985.0,2366552432.0,347018662.0,2019533770.0,13791721755.0,200929858.0,304405164.0,14297056776.0,870246113.0,13426810664.0,,4547783184.0,2084368196.0,384717432.0,6409941852.0,62025869.0,31124277.0,6440843444.0,,1926717835.0,-11296752.0,4525422361.0,,,,,,,,4525422361.0,,2109632947.0,,905084472.0,154254.0,1289949667.0,45254224.0,,-130809670.0,2415789414.0,-169350658.0,,2246438758.0,4.4,13.51,0.49,385.25,7.39,86.26,9.25,,,,25153642189.0,,,
NICA,2079/2080,2022/2023,364110859174.0,20236469660.0,,20442107778.0,,,9966477947.0,262098740705.0,,34404124802.0,1204500000.0,,2718429789.0,,2245774880.0,2060000.0,92222182.0,,6904638205.0,140165907.0,3655147319.0,334459581385.0,,3972661638.0,659920000.0,,10731576978.0,311367922421.0,,,200744224.0,293363511.0,,5859406837.0,29651277788.0,11564005366.0,,,3698834034.0,14388438388.0,,364110859173.0,38371659149.0,26000494835.0,12371164314.0,2712005254.0,389527602.0,2322477652.0,14693641966.0,147037615.0,298385661.0,15139065242.0,394197092.0,14744868150.0,,4995499814.0,2528678969.0,393356424.0,6827332943.0,9464582.0,358802635.0,6477994890.0,,1861393229.0,-34736820.0,4651338481.0,,,,,,,,4651338481.0,3427074085.0,2252068215.0,,930267696.0,442912.0,1289949667.0,46513385.0,,-15105445.0,2399270266.0,-2127510318.0,271759949.0,3698834033.0,3.99,13.39,0.8,252.84,7.67,83.55,9.98,,,,29651277788.0,,,
NICA,2080/2081,2023/2024,411223903920.0,30956430376.0,,16749169067.0,,,11163617504.0,272099342706.0,,58895083156.0,1194500000.0,,4361667053.0,,3753025095.0,2800000.0,328382073.0,,6291925494.0,180767274.0,5247194121.0,381054886562.0,,7925616683.0,,,10737329063.0,354511846300.0,,,200634489.0,235631663.0,,3897749827.0,30169017358.0,14917566922.0,,,-2304059253.0,17555509689.0,,411223903920.0,38375019312.0,27757846795.0,10617172517.0,2317573797.0,317496740.0,2000077057.0,12617249574.0,128653466.0,423462415.0,13169365455.0,2844325740.0,10325039715.0,,4431908299.0,2060425323.0,814544924.0,3018161169.0,10318074.0,1097300091.0,1931179152.0,,514061579.0,35247852.0,1381869721.0,,,,,,,,1381869720.0,-440382563.0,2102406567.0,,276373944.0,508623.0,1970744029.0,-9882321.0,,-135337708.0,-1143139843.0,-1143139843.0,,-2304059253.0,3.99,11.18,1.74,88.78,6.96,77.98,9.19,,,,30169017358.0,,,
NICA,2081/2082,2024/2025,378764241965.0,17128006061.0,,59224514070.0,,,9899208000.0,224121856104.0,,47488617555.0,1184500000.0,,4639844432.0,,4973047958.0,487900000.0,83508873.0,715907260.0,4677415919.0,156282826.0,4471532907.0,349242484465.0,,7393949036.0,,,12733174440.0,319065897444.0,,,,257846825.0,,5074215677.0,29521757497.0,14917566922.0,,,-5211822272.0,19816012847.0,,378764241962.0,28816212123.0,18559976558.0,10256235565.0,1547164294.0,321859349.0,1225304945.0,11481540510.0,162721578.0,128235561.0,11772497649.0,4144554320.0,7627943329.0,,3693429241.0,1866238047.0,796150183.0,1272125858.0,24064145.0,1079464477.0,216725526.0,,931244301.0,-876092008.0,161573233.0,,,,,,,,161573233.0,-2666972172.0,1459629802.0,,32314647.0,1422685.0,1370744029.0,-7001795.0,80809521.0,-18659285.0,-1246793527.0,-1246793527.0,,-5211822268.0,3.99,14.0,1.87,92.01,4.92,73.97,7.04,,,,29521757497.0,,8.87,8.87
NICA,2082/2083,2025/2026,395715571828.0,18010232471.0,,89962103800.0,,,9331096500.0,212221805446.0,,45245039214.0,1184500000.0,,4460425596.0,,5860462848.0,,,898674158.0,4113365318.0,147608585.0,4315394285.0,366068081621.0,,8599999909.0,,,10904216107.0,337314889669.0,,,144575740.0,,,3243937348.0,29647490210.0,14917566922.0,,,-6248213393.0,20978136681.0,,395715571831.0,6335002939.0,4048964531.0,2286038408.0,395103325.0,62197785.0,332905540.0,2618943948.0,48321817.0,111825660.0,2779091425.0,1186455938.0,1592635487.0,,801385343.0,399032624.0,198695244.0,193522276.0,1230000.0,20236758.0,174515518.0,,236652347.0,-184297691.0,122160862.0,,,,,,,,122160863.0,-5211822272.0,433260366.0,,24432173.0,170577.0,407436007.0,1221609.0,,,-725291619.0,-725291619.0,,-6248213394.0,3.99,14.03,4.24,94.83,4.6,66.08,6.6,,,,29647490210.0,,9.03,9.03
NMB,2072/2073,2015/2016,74659591000.0,10180539000.0,557823000.0,0.0,0.0,53082407000.0,0.0,0.0,8504126000.0,8504126000.0,0.0,0.0,0.0,989177000.0,0.0,0.0,0.0,0.0,0.0,989177000.0,1345519000.0,67708884000.0,1987995000.0,0.0,0.0,1487995000.0,500000000.0,64781463000.0,939426000.0,0.0,0.0,0.0,0.0,0.0,6950708000.0,4486924000.0,2463784000.0,0.0,0.0,0.0,0.0,74659592000.0,4053341000.0,2040059000.0,2013282000.0,0.0,0.0,351735000.0,0.0,0.0,224256000.0,2589273000.0,-120259000.0,2709532000.0,,659586000.0,456570000.0,0.0,1593376000.0,59422000.0,0.0,1652798000.0,,502484000.0,0.0,1150314000.0,0.0,0.0,0.0,0.0,0.0,0.0,0.0,,,,,,,,,,,,,,,,,,,,,,,,,,,,
NMB,2073/2074,2016/2017,87211515000.0,3039759000.0,11884752000.0,0.0,0.0,61508690000.0,0.0,0.0,8427662000.0,8279110000.0,148552000.0,0.0,0.0,2350652000.0,0.0,0.0,0.0,0.0,15697000.0,2334955000.0,1415356000.0,76256744000.0,1697431000.0,0.0,0.0,1179883000.0,517548000.0,73441446000.0,1117867000.0,0.0,0.0,0.0,0.0,0.0,10954770000.0,6461774000.0,4492996000.0,0.0,0.0,0.0,0.0,87211514000.0,6100077000.0,3505347000.0,2594730000.0,360631000.0,51082000.0,309549000.0,0.0,0.0,632893000.0,3537172000.0,-33697000.0,3570869000.0,,830116000.0,656223000.0,0.0,2084530000.0,54663000.0,0.0,2139193000.0,,652438000.0,0.0,1486755000.0,-37899000.0,1448856000.0,0.0,1486755000.0,0.0,19408000.0,1467347000.0,,,,,,,,,,,,,,,,,,,,,,,,,,,,
NMB,2074/2075,2017/2018,105622240000.0,6361455000.0,6728981000.0,0.0,0.0,75857098000.0,0.0,0.0,9244782000.0,8996230000.0,248552000.0,0.0,0.0,7429924000.0,0.0,0.0,0.0,0.0,22054000.0,7407870000.0,0.0,88824409000.0,1683979000.0,0.0,0.0,1166431000.0,517548000.0,84728741000.0,2411689000.0,0.0,0.0,0.0,0.0,0.0,16797833000.0,7603291000.0,9194542000.0,0.0,0.0,0.0,0.0,105622242000.0,8717934000.0,5824686000.0,2893248000.0,419928000.0,62708000.0,357220000.0,0.0,0.0,718786000.0,3969254000.0,-314554000.0,4283808000.0,,1025374000.0,727249000.0,0.0,2531185000.0,120311000.0,0.0,2651496000.0,,630560000.0,0.0,2020936000.0,2149000.0,2023085000.0,0.0,2020936000.0,0.0,207971000.0,1812965000.0,2020937000.0,,0.0,,,,,,,,-207971000.0,-207971000.0,,1812966000.0,3.16,15.88,0.88,183.99,7.46,77.72,10.7,,,,,,,
NMB,2075/2076,2018/2019,136425090000.0,8095758000.0,12995635000.0,10818537000.0,2177098000.0,91806144000.0,3317962000.0,88488182000.0,10667819000.0,10316351000.0,248552000.0,0.0,102916000.0,11281835000.0,8595482000.0,340390000.0,956950000.0,66869000.0,1206735000.0,115409000.0,1577899000.0,118969296000.0,9535184000.0,624365000.0,3203523000.0,3468060000.0,2239236000.0,97892302000.0,11541810000.0,9078000.0,966549000.0,0.0,0.0,2107809000.0,17455793000.0,9618163000.0,7837630000.0,2512799000.0,1792975000.0,3531856000.0,0.0,136425089000.0,11104234000.0,6838038000.0,4266196000.0,1003531000.0,93955000.0,909576000.0,5175772000.0,352049000.0,210374000.0,5738195000.0,163122000.0,5575073000.0,,1419153000.0,700390000.0,176793000.0,3278737000.0,17091000.0,17586000.0,3278242000.0,,968188000.0,0.0,2310054000.0,625000.0,2310679000.0,0.0,2310054000.0,591896000.0,443365000.0,1274793000.0,2310053000.0,,591896000.0,,462011000.0,22003000.0,90453000.0,17429000.0,,,443366000.0,444879000.0,1513000.0,1274793000.0,4.26,15.32,0.82,184.52,7.26,76.88,9.86,,,,,,,
NMB,2076/2077,2019/2020,179423373000.0,11101113000.0,,15250101000.0,3304242000.0,,4641005000.0,115703255000.0,,14998756000.0,372488000.0,0.0,79648000.0,,10066296000.0,266890000.0,55886000.0,270789000.0,1431601000.0,122865000.0,1758439000.0,158556919000.0,,3150015000.0,4832502000.0,3416310000.0,2279834000.0,131660368000.0,,0.0,68873000.0,0.0,0.0,3209677000.0,20866454000.0,13950987000.0,,120167000.0,964014000.0,5831285000.0,,179423373000.0,14472366000.0,8946753000.0,5525613000.0,914171000.0,106923000.0,807248000.0,6332861000.0,384157000.0,218035000.0,6935053000.0,1619605000.0,5315448000.0,,1706503000.0,932259000.0,242023000.0,2434663000.0,627146000.0,59898000.0,3001911000.0,,731243000.0,0.0,2270668000.0,,,,,,,,2270670000.0,,788018000.0,,454134000.0,24010000.0,287167000.0,22707000.0,3702000.0,,55824000.0,156722000.0,100898000.0,1426828000.0,4.05,14.56,2.68,125.35,6.99,72.68,8.95,,,,20866454000.0,0.0,,
NMB,2077/2078,2020/2021,231545990000.0,12433017000.0,,19218519000.0,2717149000.0,,5210215000.0,150998435000.0,,18907214000.0,372488000.0,,97942000.0,,17161392000.0,2660000.0,98487000.0,248887000.0,2224721000.0,112949000.0,1741915000.0,207590071000.0,,2045653000.0,7597982000.0,7443810000.0,5293994000.0,164408149000.0,,,202972000.0,,,3673447000.0,23955919000.0,16325961000.0,,120167000.0,2247129000.0,5382830000.0,,231545990000.0,14001572000.0,8323034000.0,5678537000.0,1176850000.0,138075000.0,1038775000.0,6717313000.0,364108000.0,359349000.0,7440771000.0,382355000.0,7058416000.0,,2096709000.0,858510000.0,269070000.0,3834127000.0,39072000.0,15213000.0,3857986000.0,,1179090000.0,-51698000.0,2730594000.0,,,,,,,,2730594000.0,,218892000.0,,546119000.0,63402000.0,-289437000.0,22757000.0,3364000.0,-63911000.0,176909000.0,212760000.0,-35851000.0,2334793000.0,3.09,15.09,2.27,131.88,5.79,77.06,7.33,,,,23955919000.0,,,
NMB,2078/2079,2021/2022,255814112000.0,15428458000.0,,13747314000.0,3782289000.0,,5920095000.0,175788057000.0,,29083063000.0,372488000.0,,295162000.0,,5293773000.0,238820000.0,48473000.0,339779000.0,3847574000.0,153684000.0,1762378000.0,228606431000.0,,2070495000.0,8996367000.0,12997400000.0,8127854000.0,184829048000.0,,,88529000.0,,,6145641000.0,27207681000.0,18366706000.0,,,2392410000.0,6448565000.0,,255814112000.0,19333573000.0,12781323000.0,6552250000.0,1650840000.0,215870000.0,1434969000.0,7987220000.0,272407000.0,445375000.0,8705001000.0,-484317000.0,9189318000.0,,2600641000.0,1083488000.0,292248000.0,5212942000.0,2657000.0,46756000.0,5168843000.0,1121499000.0,1579057000.0,-111531000.0,3701317000.0,,,,,,,,3701317000.0,23685000.0,-844598000.0,,-740263000.0,-17025000.0,-50134000.0,-19613000.0,-20286000.0,2724000.0,2856719000.0,-487994000.0,,2392410000.0,4.05,13.76,1.33,176.2,5.86,87.75,9.38,,,,27207681000.0,,,
NMB,2079/2080,2022/2023,288166111000.0,23958280000.0,,15059481000.0,755846000.0,,7116529000.0,189323077000.0,,32363064000.0,772488000.0,,700348000.0,,10850079000.0,24750000.0,114563000.0,448920000.0,4864386000.0,178690000.0,1750173000.0,259552034000.0,,2737258000.0,3285987000.0,14814903000.0,11911942000.0,210304687000.0,,,33111000.0,,,5403801000.0,28614077000.0,18366706000.0,,,1501890000.0,8745481000.0,,288166111000.0,26622440000.0,18280000000.0,8342440000.0,1832119000.0,284654000.0,1547465000.0,9889905000.0,236285000.0,204147000.0,10330337000.0,1166143000.0,9164194000.0,,2719048000.0,1181584000.0,319388000.0,4944174000.0,9986000.0,76148000.0,4878012000.0,,1512702000.0,-45190000.0,3410500000.0,,,,,,,,3410499000.0,1550781000.0,-1030427000.0,,-682100000.0,-14768000.0,-352381000.0,-24773000.0,-5394000.0,48989000.0,2380072000.0,1466361000.0,-1515253000.0,1501889000.0,3.99,12.8,2.72,109.11,7.34,83.46,10.37,,,,28614077000.0,,,
NMB,2080/2081,2023/2024,295101561000.0,22570603000.0,,14710491000.0,3035765000.0,,8212671000.0,194338841000.0,,33772796000.0,772488000.0,,851437000.0,,7583922000.0,21050000.0,131256000.0,420322000.0,5482296000.0,148628000.0,3070044000.0,266031809000.0,,3163180000.0,2948951000.0,11552656000.0,11911942000.0,223942592000.0,,,358843000.0,,,4801688000.0,29069752000.0,18366706000.0,,,238965000.0,10464081000.0,,295101561000.0,25827846000.0,18330791000.0,7497055000.0,1985622000.0,311224000.0,1674398000.0,9171453000.0,274921000.0,231502000.0,9677876000.0,1921077000.0,7756799000.0,,2642052000.0,1286801000.0,321868000.0,3506078000.0,3442000.0,166294000.0,3343226000.0,,1039470000.0,-32844000.0,2336600000.0,,,,,,,,2336599000.0,-702614000.0,-720384000.0,,-467320000.0,-17183000.0,-237301000.0,12215000.0,-10795000.0,,-674636000.0,-674636000.0,,238965000.0,3.99,12.82,3.27,120.79,7.31,83.91,8.42,,,,29069752000.0,,,
NMB,2081/2082,2024/2025,352101479000.0,33385654000.0,,16489123000.0,10264420000.0,,10514170000.0,229119342000.0,,32508745000.0,772488000.0,,1784193000.0,,8681416000.0,700000.0,128541000.0,316475000.0,4337601000.0,127174000.0,3800678000.0,319499716000.0,,6029457000.0,4116976000.0,3987500000.0,12384569000.0,280926468000.0,,,16278000.0,,,7459884000.0,32601761000.0,18366706000.0,,,1909467000.0,12325588000.0,,352101477000.0,22267952000.0,14247058000.0,8020894000.0,2423826000.0,242075000.0,2181751000.0,10202645000.0,360571000.0,318466000.0,10881682000.0,958082000.0,9923600000.0,,3080564000.0,1108236000.0,384593000.0,5350207000.0,3951000.0,658746000.0,4695412000.0,,1454793000.0,-41172000.0,3281791000.0,,,,,,,,3281791000.0,-93841000.0,-1302962000.0,,-656358000.0,-566666000.0,-33351000.0,-8107000.0,-18480000.0,-20000000.0,24479000.0,24479000.0,,1909467000.0,3.82,12.03,3.72,101.14,5.06,84.33,6.22,,,,32601761000.0,,9.18,9.18
NMB,2082/2083,2025/2026,360220851000.0,34385915000.0,,18505741000.0,10253138000.0,,10890253000.0,234023130000.0,,31261761000.0,772488000.0,,1772517000.0,,9492524000.0,,,385133000.0,4555812000.0,120240000.0,3780900000.0,327290460000.0,,3344595000.0,,3553938000.0,12150824000.0,290605382000.0,,,210342000.0,,,7932855000.0,32930391000.0,18366706000.0,,,1943318000.0,12620367000.0,,360220851000.0,5594323000.0,3107070000.0,2487253000.0,812588000.0,96402000.0,716186000.0,3203439000.0,165828000.0,75658000.0,3444925000.0,713962000.0,2730963000.0,,808774000.0,373683000.0,50042000.0,1498464000.0,922000.0,190839000.0,1308547000.0,,392564000.0,,915983000.0,,,,,,,,915983000.0,1572016000.0,-350955000.0,,-183197000.0,-7554000.0,-141667000.0,-9160000.0,-9377000.0,,-193727000.0,-193727000.0,,1943317000.0,3.89,12.07,4.58,92.33,4.05,81.88,5.89,,,,32930391000.0,,9.01,9.01
PCBL,2072/2073,2015/2016,54698344050.0,7824890930.0,448224480.0,0.0,0.0,40289291870.0,0.0,0.0,5070194360.0,5070194360.0,0.0,0.0,0.0,690956790.0,0.0,0.0,0.0,0.0,0.0,690956790.0,374785620.0,49237323360.0,9000000.0,0.0,0.0,9000000.0,0.0,48353057960.0,875265400.0,0.0,0.0,0.0,0.0,0.0,5461020690.0,3705262260.0,1755758430.0,0.0,0.0,0.0,0.0,54698344050.0,3556635230.0,1968130400.0,1588504830.0,0.0,0.0,301501070.0,0.0,0.0,330777010.0,2220782910.0,-3748900.0,2224531810.0,,365533240.0,257300630.0,0.0,1601697940.0,10068830.0,0.0,1611766770.0,,483530030.0,0.0,1128236740.0,0.0,0.0,0.0,0.0,0.0,0.0,0.0,,,,,,,,,,,,,,,,,,,,,,,,,,,,
PCBL,2073/2074,2016/2017,78698950000.0,4294355000.0,10227736000.0,0.0,0.0,58682070000.0,0.0,0.0,4333078000.0,4333078000.0,0.0,0.0,0.0,581458000.0,0.0,0.0,0.0,0.0,5264000.0,576194000.0,580253000.0,68781682000.0,1494861000.0,0.0,0.0,1494861000.0,0.0,66005991000.0,1280830000.0,0.0,0.0,0.0,0.0,0.0,9917267000.0,8033299000.0,1883968000.0,0.0,0.0,0.0,0.0,78698949000.0,5226291000.0,3304386000.0,1921905000.0,505067000.0,16748000.0,488319000.0,0.0,0.0,306697000.0,2716921000.0,-81870000.0,2798791000.0,,499489000.0,276124000.0,0.0,2023178000.0,0.0,0.0,2023178000.0,,658510000.0,0.0,1364668000.0,51748000.0,1416416000.0,0.0,1364668000.0,0.0,-103275000.0,1467943000.0,,,,,,,,,,,,,,,,,,,,,,,,,,,,
PCBL,2074/2075,2017/2018,96060534000.0,4220974000.0,11782486000.0,0.0,0.0,70927683000.0,0.0,0.0,7666621000.0,7638621000.0,28000000.0,0.0,0.0,901449000.0,0.0,0.0,0.0,0.0,5279000.0,896170000.0,561321000.0,84315522000.0,1269890000.0,0.0,0.0,1269890000.0,0.0,81313340000.0,1732292000.0,0.0,0.0,0.0,0.0,0.0,11745013000.0,8033299000.0,3711714000.0,0.0,0.0,0.0,0.0,96060535000.0,8560059000.0,5893775000.0,2666284000.0,743185000.0,26692000.0,716493000.0,0.0,0.0,339053000.0,3721830000.0,69911000.0,3651919000.0,,629257000.0,361285000.0,0.0,2661377000.0,47233000.0,0.0,2661377000.0,,719067000.0,0.0,1942310000.0,-103751000.0,1838559000.0,0.0,1942310000.0,0.0,50270000.0,1892040000.0,,,,,,,,,,,,,,,4.28,12.54,0.66,222.4,8.04,75.22,10.47,,,,,,,
PCBL,2075/2076,2018/2019,102426299000.0,5304983310.0,8926710890.0,7807981180.0,1118729720.0,75531238910.0,3012624840.0,72518614080.0,10446120900.0,10143371170.0,28000000.0,51023000.0,251726730.0,1472297570.0,0.0,0.0,162718410.0,51950490.0,1249919690.0,7708980.0,744947390.0,88846891570.0,10487112650.0,9217763320.0,1269349320.0,1466751000.0,0.0,77040074370.0,1319704540.0,0.0,0.0,0.0,0.0,1319704540.0,13579407410.0,9318626690.0,4260780719.9999995,0.0,1651332470.0,2609448250.0,0.0,102426299000.0,9833846030.0,6236020970.0,3597825060.0,766010990.0,53484810.0,712526180.0,4310351240.0,234439300.0,78471480.0,4623262030.0,24989350.0,4598272680.0,,886321280.0,358827760.0,79946060.0,3273177580.0,2556000.0,0.0,3273177580.0,,907843440.0,0.0,2365334140.0,6362660.0,2371696800.0,0.0,2365334140.0,475644620.0,288916890.0,1600772630.0,2365334138000.0,,475644624000.0,,473066828000.0,834025000.0,,23653341000.0,663534000.0,-22573104000.0,288916885000.0,288916885000.0,,1600772628000.0,4.32,12.78,0.92,175.36,7.9,77.0,10.03,,,,,,,
PCBL,2076/2077,2019/2020,152219666442.0,10379968108.0,,8716147441.0,2260117991.0,,4122879152.0,110454295534.0,,13684280894.0,0.0,60023000.0,495844517.0,,0.0,0.0,172838831.0,48826751.0,743013458.0,15995335.0,1065435431.0,131673730084.0,,10350291413.0,121197355.0,0.0,0.0,119441613623.0,,0.0,335766043.0,0.0,0.0,1760627693.0,20545936358.0,13985249504.0,,644823.0,1764348421.0,4795693610.0,,152219666442.0,12210421226.0,7592610456.0,4617810770.0,902550794.0,69661334.0,832889460.0,5450700230.0,267526501.0,61856098.0,5780082829.0,782960207.0,4997122622.0,,1080277143.0,505877882.0,140734397.0,3270233200.0,0.0,1972150.0,3270333200.0,977430622.0,977430622.0,,2292902578.0,,,,,,,,2292802576.0,,443622294.0,,458560515.0,879041.0,,22928026.0,2778830.0,-38745288.0,233461750.0,256065732.0,22603982.0,1615718532.0,4.22,13.4,1.54,140.42,7.14,74.54,8.62,,,,20545936358.0,0.0,,
PCBL,2077/2078,2020/2021,190550902385.0,7864971018.0,,10497986812.0,4766883849.0,,6097717932.0,135376649719.0,,23426854321.0,,46023000.0,365775958.0,,,,331561840.0,39719905.0,739695412.0,22781269.0,1014001256.0,166626202994.0,,6040221001.0,2360808929.0,,2440968911.0,154149965445.0,,,226019603.0,49368548.0,,1584870159.0,23924699391.0,16083036900.0,,644823.0,2777225036.0,5064437456.0,,190550902385.0,14012734443.0,8060623432.0,5952111012.0,1405298567.0,105566561.0,1299732006.0,7251843017.0,321266753.0,289061550.0,7862171320.0,775792432.0,7086378888.0,,1589035692.0,613384481.0,184743025.0,4699215690.0,,,4699215690.0,1444438269.0,1444438269.0,,3254777421.0,,,,,,,,3254777421.0,,660525295.0,,650955484.0,648095.0,,32547774.0,,-23626058.0,-68934997.0,13414837.0,82349834.0,2663187123.0,4.09,15.1,1.19,191.15,5.74,79.6,7.21,,,,23924699391.0,,,
PCBL,2078/2079,2021/2022,209735911984.0,11620911866.0,,8860332435.0,144901159.0,,6672760600.0,148166954677.0,,31402844583.0,,46023000.0,536542044.0,,,,270548065.0,94806436.0,845575292.0,19794501.0,1053917325.0,182181886359.0,,6096829391.0,4556140870.0,,9145519492.0,160203350799.0,,,83549345.0,68125978.0,,2180045807.0,27554025624.0,18656322804.0,,,2390747434.0,6506955386.0,,209735911984.0,18516923982.0,12037486695.0,6479437287.0,1155641903.0,142548201.0,1013093702.0,7492530989.0,231163380.0,234742619.0,7958436988.0,188282704.0,7770154284.0,,1704954668.0,644985803.0,183256967.0,5236956846.0,,,5236956846.0,1555724823.0,1629655570.0,-73930747.0,3681232023.0,,,,,,,,3681232023.0,44343409.0,-779214773.0,,-736246405.0,-481102.0,,-36812320.0,-15405820.0,9730874.0,2902017250.0,-555613225.0,,2390747434.0,4.37,13.33,1.4,158.39,8.31,87.2,9.99,,,,27554025624.0,,,
PCBL,2079/2080,2022/2023,221951884282.0,14305373289.0,,12049737956.0,2467564323.0,,6499334100.0,154475391779.0,,29085105908.0,,46023000.0,1639671339.0,,,,200229750.0,123306272.0,1100272906.0,371835678.0,2055602305.0,193536752849.0,,4511658408.0,57560000.0,2630000000.0,9151896824.0,174058036674.0,,,101810117.0,,,3185160943.0,28415131433.0,19402575716.0,,,204839981.0,8807715736.0,,221951884282.0,23299301305.0,16019557603.0,7279743702.0,1238595279.0,177659618.0,1060935661.0,8340679363.0,150351334.0,421731584.0,8912762281.0,2919681442.0,5993080839.0,,1736167980.0,527672975.0,322500161.0,3406739723.0,,72077294.0,3334662429.0,,1101542657.0,-30034315.0,2263154087.0,,,,,,,,2263154087.0,1738854392.0,-471481359.0,,-452630817.0,,,-22631541.0,-6298862.0,10079861.0,1791672728.0,-1534014411.0,,204839981.0,3.98,12.28,4.23,107.25,8.67,88.72,10.57,,,,28415131433.0,,,
PCBL,2080/2081,2023/2024,267343533090.0,11435837812.0,,9697968737.0,1152687068.0,,8882922959.0,181514113723.0,,47583463732.0,,46023000.0,1911871567.0,,,,68010938.0,270232273.0,2331881367.0,373923455.0,2074596459.0,236414227202.0,,10120800618.0,,2674000000.0,9159434708.0,211244583574.0,,,22469153.0,,,3215408302.0,30929305888.0,19402575716.0,,,1199673959.0,10327056213.0,,267343533090.0,25850426669.0,17841281400.0,8009145269.0,1740477921.0,194334724.0,1546143197.0,9555288466.0,153614947.0,238498173.0,9947401586.0,1243849231.0,8703552355.0,,2127881653.0,529399817.0,351338020.0,5694932865.0,,266712141.0,5428220724.0,,1645742797.0,8175116.0,3774302811.0,,,,,,,,3774302811.0,-666951154.0,-792279689.0,,-754860562.0,,,-37743028.0,-11274076.0,11597977.0,-1115398008.0,-1115398008.0,,1199673960.0,3.98,11.9,4.67,108.49,7.03,86.2,8.49,,,,30929305888.0,,,
PCBL,2081/2082,2024/2025,317147016929.0,13558945679.0,,19567391102.0,3759755176.0,,8888477033.0,210461724383.0,,52369045172.0,,46023000.0,3943962799.0,,,,,414690706.0,1815313815.0,385861036.0,1935827028.0,283440127263.0,,4659806860.0,,2750000000.0,9167406736.0,263360694622.0,,,54975361.0,,,3447243684.0,33706889667.0,19402575716.0,,,2780819221.0,11523494730.0,,317147016930.0,23532707980.0,14710273684.0,8822434296.0,1927567032.0,220249869.0,1707317163.0,10529751459.0,240326974.0,397441596.0,11167520029.0,1419496350.0,9748023679.0,,2341144257.0,553147740.0,295715520.0,6558016162.0,1896747.0,621290984.0,5938621925.0,,1939827334.0,-25636975.0,4024431566.0,,,,,,,,4024431566.0,25210661.0,-833290333.0,,-804886313.0,-794549.0,,-40244316.0,1573166.0,10267130.0,-435532674.0,-435532674.0,,2780819220.0,3.69,11.74,5.56,93.09,5.21,83.39,6.49,,,,33706889667.0,,10.39,10.39
PCBL,2082/2083,2025/2026,316629560492.0,13411900634.0,,13697779887.0,3840303391.0,,8477630793.0,214956435768.0,,53426608644.0,,46023000.0,4257550394.0,,,,,654069423.0,1548443024.0,387962773.0,1924852761.0,281836609362.0,,3309280748.0,,2811000000.0,9167406736.0,261753134512.0,,,644677163.0,,,4151110203.0,34792951129.0,19402575716.0,,,3044609508.0,12345765905.0,,316629560491.0,5896339615.0,3488892018.0,2407447597.0,709384904.0,38920070.0,670464834.0,3077912431.0,86254841.0,286326822.0,3450494094.0,480981718.0,2969512376.0,,675955199.0,180598000.0,37132153.0,2075827024.0,876612.0,277699583.0,1799004053.0,,703476811.0,-162902831.0,1258430073.0,,,,,,,,1258430073.0,2786894342.0,-270862661.0,,-251686015.0,,,-12584301.0,-6754196.0,161851.0,-729852247.0,-729852247.0,,3044609507.0,3.9,12.17,5.86,90.42,4.79,82.65,6.08,,,,34792951129.0,,10.18,10.18
SANIMA,2072/2073,2015/2016,56311046000.0,3578060000.0,0.0,0.0,0.0,40441858000.0,0.0,0.0,10825931000.0,10825931000.0,0.0,0.0,0.0,818649000.0,0.0,0.0,0.0,0.0,0.0,818649000.0,646548000.0,50873059000.0,3651940000.0,0.0,0.0,3281940000.0,370000000.0,46423307000.0,797812000.0,0.0,0.0,0.0,0.0,0.0,5437988000.0,4022032000.0,1415956000.0,0.0,0.0,0.0,0.0,56311047000.0,3273268000.0,1550960000.0,1722308000.0,0.0,0.0,242237000.0,0.0,0.0,234851000.0,2199396000.0,131768000.0,2067628000.0,,407481000.0,327746000.0,0.0,1332401000.0,154295000.0,0.0,1486696000.0,,441146000.0,0.0,1045550000.0,0.0,0.0,0.0,0.0,0.0,0.0,0.0,,,,,,,,,,,,,,,,,,,,,,,,,,,,
SANIMA,2073/2074,2016/2017,70029377000.0,2948780000.0,6247545000.0,0.0,0.0,52190082000.0,0.0,0.0,6945394000.0,6835394000.0,110000000.0,0.0,0.0,984495000.0,0.0,0.0,0.0,0.0,3315000.0,981180000.0,713081000.0,60512184000.0,981009000.0,0.0,0.0,611009000.0,370000000.0,58264575000.0,1266600000.0,0.0,0.0,0.0,0.0,0.0,9517192000.0,6897634000.0,2619558000.0,0.0,0.0,0.0,0.0,70029376000.0,5111565000.0,2794577000.0,2316988000.0,458527000.0,32045000.0,426482000.0,0.0,0.0,248038000.0,2991508000.0,29746000.0,2961762000.0,,519499000.0,377882000.0,0.0,2064381000.0,40928000.0,0.0,2105309000.0,,633448000.0,0.0,1471861000.0,-7168000.0,1464693000.0,0.0,1471861000.0,0.0,138819000.0,1333042000.0,,,,,,,,,,,,,,,,,,,,,,,,,,,,
SANIMA,2074/2075,2017/2018,92558085000.0,4530152000.0,6257328000.0,0.0,0.0,70026333000.0,0.0,0.0,10141492000.0,9891492000.0,250000000.0,0.0,0.0,720934000.0,0.0,0.0,0.0,0.0,56551000.0,664383000.0,881846000.0,81268553000.0,728950000.0,0.0,0.0,358950000.0,370000000.0,79196339000.0,1343264000.0,0.0,0.0,0.0,0.0,0.0,11289532000.0,8001255000.0,3288277000.0,0.0,0.0,0.0,0.0,92558085000.0,8053306000.0,5092455000.0,2960851000.0,701397000.0,50152000.0,651245000.0,0.0,0.0,341424000.0,3953520000.0,-3431000.0,3956951000.0,,806910000.0,481469000.0,0.0,2668572000.0,161000.0,0.0,2668733000.0,,802074000.0,0.0,1866659000.0,-82101000.0,1784558000.0,0.0,1866659000.0,0.0,172996000.0,1693663000.0,1866659000.0,,0.0,,,,,,,,-172996000.0,-172996000.0,,1693663000.0,4.66,12.91,0.03,4082.07,7.42,76.99,10.66,,,,,,,
SANIMA,2075/2076,2018/2019,109037071100.0,4636422440.0,3608896290.0,2781194460.0,827701830.0,83270159580.0,2020420380.0,81249739200.0,13861189900.0,13611189900.0,250000000.0,0.0,0.0,2509856190.0,85066890.0,484421810.0,0.0,50958760.0,1818171080.0,71237650.0,1150546670.0,97136662280.0,6438090070.0,3694458440.0,1018919630.0,2393641000.0,1724712000.0,89373729160.0,1324843040.0,27224380.0,24826030.0,0.0,0.0,1272792640.0,11900408800.0,8001255440.0,3899153360.0,0.0,1642198850.0,2256954500.0,0.0,109037071100.0,10649421300.0,6549283720.0,4100137590.0,785557930.0,73254190.0,712303730.0,4812441320.0,396769100.0,41086570.0,5250296990.0,213811230.0,5036485750.0,,1179842840.0,512108190.0,138226410.0,3206308320.0,1288070.0,6336670.0,3201259720.0,,957870720.0,0.0,2243389000.0,-1884280.0,2241504720.0,0.0,2243389000.0,528337410.00000006,89358520.0,1625693070.0,2243389002.0,,528337406.0,,448677800.0,4368573.0,52857143.0,22433890.0,,,89358520.0,89358520.0,,1625693075.0,4.35,13.11,0.08,1544.8,7.39,77.91,9.45,,,,,,,
SANIMA,2076/2077,2019/2020,126135643031.0,5190299845.0,,5325683135.0,282086670.0,,2655929866.0,90566104231.0,,15018419486.0,250000000.0,0.0,0.0,,40221461.0,443453005.0,40810680.0,26854875.0,2531170611.0,60525498.0,1159092668.0,113388852640.0,,3690391203.0,86292488.0,0.0,1724712000.0,106835786321.0,,33089067.0,246377808.0,0.0,0.0,1018581560.0,12746790391.0,8801380984.0,,0.0,1119722316.0,2825687091.0,,126135643031.0,11495493751.0,7280030928.0,4215462823.0,694966984.0,75948012.0,619018972.0,4834481795.0,388771455.0,59659997.0,5282913247.0,883458627.0,4399454620.0,,1252548177.0,572274713.0,156018903.0,2418612827.0,1407998.0,1520491.0,2418500334.0,,715126354.0,0.0,1703373980.0,,,,,,,,1703373981.0,67031808.0,412985681.0,,340674796.0,2420002.0,52857143.0,17033740.0,,,237697791.0,237697791.0,71644966.0,1119722317.0,3.47,12.97,0.48,425.19,6.66,74.72,8.62,,,,12746790391.0,0.0,,
SANIMA,2077/2078,2020/2021,160667952103.0,4771140480.0,,6053731274.0,1740708397.0,,4094023666.0,118988337168.0,,20969005700.0,250000000.0,,,,16016111.0,134181440.0,,3334753.0,2406336388.0,48082940.0,1196388539.0,145797034714.0,,4920874273.0,3651303839.0,1787250000.0,4777116000.0,128425867181.0,,32722544.0,49222567.0,29604089.0,,2123074221.0,14870917388.0,9681519082.0,,,1689816109.0,3499582197.0,,160667952102.0,10759856047.0,6237843156.0,4522012891.0,875116821.0,60957557.0,814159264.0,5336172155.0,407786730.0,51665390.0,5795624275.0,289843866.0,5505780409.0,,1436761768.0,657319886.0,162976335.0,3248722420.0,1320809.0,3044540.0,3246998689.0,,964946568.0,5557696.0,2276494425.0,,,,,,,,2276494426.0,49919.0,606735675.0,,455299000.0,3664588.0,125007143.0,22764944.0,,,-20007439.0,37833811.0,-20007439.0,1689816109.0,3.37,13.54,0.16,1103.58,4.75,82.31,6.34,,,,14870917388.0,,,
SANIMA,2078/2079,2021/2022,192490529408.0,4225275093.0,,13516139617.0,371162744.0,,5167865708.0,137161371311.0,,27682843909.0,250000000.0,,72932294.0,,11980037.0,500726317.0,,69432118.0,2073470587.0,56002636.0,1343307074.0,175385055900.0,,2614422138.0,4096650775.0,1279000000.0,6819816000.0,157518535239.0,,48699778.0,62881734.0,12961578.0,,2892655514.0,17105473507.0,11327377326.0,,,1469986145.0,4308110036.0,,192490529407.0,14963761686.0,10196566082.0,4767195604.0,995837429.0,152088968.0,843748461.0,5610944065.0,377655852.0,152708336.0,6141308253.0,-264526176.0,5876782077.0,,1654338078.0,625609981.0,344249485.0,3252584533.0,6285738.0,12152586.0,3246717685.0,953808359.0,1038810168.0,-85001809.0,2292909326.0,,,,,,,,2292909327.0,1737199687.0,-525098562.0,,-458582000.0,-4161156.0,-52857143.0,-22929093.0,-23818277.0,37249107.0,302541945.0,-317200408.0,14658463.0,3202468507.0,3.86,13.75,0.35,465.33,7.63,86.36,9.71,,,,17105473507.0,,,
SANIMA,2079/2080,2022/2023,215641368189.0,5290591934.0,,10368096356.0,1056571534.0,,4445160972.0,145397936587.0,,41980217771.0,450000000.0,,190174378.0,,91720324.0,414838518.0,55588397.0,169784618.0,4357939618.0,95832854.0,1368634653.0,196264323777.0,,5193510562.0,72086097.0,2629000000.0,9373666000.0,175643046806.0,,35003993.0,13283724.0,,,3311964946.0,19377044412.0,12460115059.0,,,2209674678.0,4707254675.0,,215641368189.0,21617858487.0,15128548520.0,6489309967.0,1039663954.0,260862404.0,778801549.0,7268111516.0,254452574.0,121033052.0,7643597142.0,1056071295.0,6587525847.0,,1773942088.0,671188684.0,361739043.0,3780656032.0,14218389.0,52951601.0,3741922820.0,,1143076995.0,-20370811.0,2619216636.0,,,,,,,,2619216636.0,420709089.0,-559907807.0,,-523844000.0,-9347575.0,179224750.0,-26192166.0,-149066.0,-375000.0,-270343242.0,-270343242.0,,2209674676.0,4.0,14.13,1.3,171.47,8.27,79.0,10.15,,,,19377044412.0,,,
SANIMA,2080/2081,2023/2024,233785179747.0,13072489091.0,,14237362921.0,591043234.0,,5527765571.0,159491304915.0,,34082393021.0,450000000.0,,674001855.0,,21150702.0,319682584.0,19425149.0,215070948.0,3629860580.0,81631311.0,1393148568.0,212821665557.0,,2182161765.0,60654160.0,1070000000.0,9377516000.0,197197071124.0,,37754974.0,135138243.0,,,2955273532.0,20963514190.0,13581525414.0,,,1412312361.0,5969676415.0,,233785179747.0,20720428794.0,14542367925.0,6178060869.0,1194203234.0,175858960.0,1018344274.0,7196405143.0,517770003.0,210560237.0,7924735383.0,1494370707.0,6430364676.0,,1877116214.0,750524176.0,361488823.0,3441235463.0,9037781.0,95955951.0,3354317293.0,,1008136588.0,-35760722.0,2381941427.0,,,,,,,,2381941426.0,381824473.0,-777849491.0,,-476389000.0,-5477410.0,-270942400.0,-23819414.0,-1221267.0,,-573604046.0,-573604046.0,-38480120.0,1412312362.0,4.0,13.66,1.73,167.42,6.13,80.53,7.83,,,,20963514190.0,,,
SANIMA,2081/2082,2024/2025,263447489736.0,20360777301.0,,19875524160.0,3455159602.0,,7014125237.0,176440505806.0,,29355983936.0,450000000.0,,951498926.0,,5452192.0,429613790.0,170845767.0,206193073.0,3305022275.0,85859446.0,1346380417.0,240518108699.0,,1572392607.0,,2063250000.0,9381366000.0,223954679225.0,,40448816.0,134966597.0,,,3484590422.0,22929381035.0,13581525414.0,,,2780720660.0,6567134961.0,,263447489734.0,18040787831.0,11684789917.0,6355997914.0,1379470907.0,185015155.0,1194455752.0,7550453666.0,593391466.0,457720703.0,8601565835.0,1889120780.0,6712445055.0,,2001448982.0,782066012.0,354819732.0,3574110329.0,28334906.0,43321260.0,3559123975.0,,995905026.0,-7937001.0,2571155950.0,,,,,,,,2571155953.0,786844898.0,-866775835.0,,-514232000.0,-17980889.0,-20692934.0,-25711560.0,-5196941.0,-300942400.0,289495643.0,289495643.0,,2780720659.0,3.68,13.01,1.21,121.8,4.7,81.03,6.12,,,,22929381035.0,,9.86,9.86
SANIMA,2082/2083,2025/2026,266521035026.0,24286561162.0,,13381364475.0,4417873744.0,,7615884387.0,177560480477.0,,31646145189.0,450000000.0,,1038826330.0,,,445537928.0,13893569.0,172516674.0,4011642634.0,105334154.0,1339732481.0,243064250701.0,,916002030.0,,2108250000.0,9382328500.0,227031374815.0,,40787693.0,,,,3585507663.0,23456784326.0,13581525414.0,,,2130448949.0,7744809963.0,,266521035027.0,4332202819.0,2643678347.0,1688524472.0,348504966.0,43568490.0,304936476.0,1993460948.0,168897810.0,220490684.0,2382849442.0,956775280.0,1426074162.0,,478856919.0,237845461.0,51754146.0,657617636.0,1115564.0,24395447.0,634337753.0,,179419603.0,,454918150.0,,,,,,,,454918150.0,,-288567528.0,,-90984000.0,-3018581.0,,-4549182.0,,-190015765.0,-5258500.0,-5258500.0,,2130448949.0,3.65,12.76,1.58,105.46,4.32,79.23,5.59,,,,23456784326.0,,9.51,9.51
SCB,2072/2073,2015/2016,65239806000.0,3972332000.0,6069660000.0,0.0,0.0,31697345000.0,0.0,0.0,22738262000.0,22738262000.0,0.0,0.0,0.0,712470000.0,0.0,0.0,0.0,0.0,0.0,712470000.0,49737000.0,58023529000.0,500000000.0,0.0,0.0,500000000.0,0.0,55727178000.0,1796351000.0,0.0,0.0,0.0,0.0,0.0,7216277000.0,2812426000.0,4403851000.0,0.0,0.0,0.0,0.0,65239806000.0,2426886000.0,569090000.0,1857796000.0,0.0,0.0,971483000.0,0.0,0.0,55365000.0,2884644000.0,12266000.0,2872378000.0,,707654000.0,427233000.0,0.0,1737491000.0,49531000.0,0.0,1787022000.0,,521524000.0,0.0,1265498000.0,0.0,0.0,0.0,0.0,0.0,0.0,0.0,,,,,,,,,,,,,,,,,,,,,,,,,,,,
SCB,2073/2074,2016/2017,78356013000.0,22397734000.0,9975482000.0,0.0,0.0,39991205000.0,0.0,0.0,4810675000.0,4810675000.0,0.0,0.0,0.0,1180917000.0,0.0,0.0,0.0,0.0,0.0,1180917000.0,87684000.0,65976219000.0,1500000000.0,0.0,0.0,1500000000.0,0.0,63872885000.0,2103334000.0,0.0,0.0,0.0,0.0,0.0,12379793000.0,4005715000.0,8374078000.0,0.0,0.0,0.0,0.0,78356012000.0,3191878000.0,863460000.0,2328418000.0,520169000.0,50338000.0,469831000.0,0.0,0.0,618657000.0,3416906000.0,-19584000.0,3436490000.0,,771619000.0,491108000.0,0.0,2173763000.0,8080000.0,0.0,2181843000.0,,631856000.0,0.0,1549987000.0,-170919000.0,1379068000.0,0.0,1549987000.0,0.0,169968000.0,1380019000.0,,,,,,,,,,,,,,,,,,,,,,,,,,,,
SCB,2074/2075,2017/2018,84447264000.0,22048328000.0,8813662000.0,0.0,0.0,47079748000.0,0.0,0.0,4660993000.0,4660993000.0,0.0,0.0,0.0,1844533000.0,0.0,0.0,0.0,0.0,0.0,1844533000.0,0.0,70198253000.0,0.0,0.0,0.0,0.0,0.0,67387757000.0,2810496000.0,0.0,0.0,0.0,0.0,0.0,14249012000.0,8011431000.0,6237581000.0,0.0,0.0,0.0,0.0,84447265000.0,4960034000.0,1642641000.0,3317393000.0,724396000.0,60640000.0,663756000.0,0.0,0.0,718769000.0,4699918000.0,-33916000.0,4733834000.0,,996607000.0,590329000.0,0.0,3146898000.0,4030000.0,0.0,3150928000.0,,939868000.0,0.0,2211060000.0,-15188000.0,2195872000.0,0.0,2211060000.0,0.0,192303000.0,2018757000.0,2211059000.0,,0.0,,,,,,,,-192303000.0,-192303000.0,,2018756000.0,5.06,23.68,0.18,634.52,4.41,71.68,7.87,,,,,,,
SCB,2075/2076,2018/2019,93323253000.0,12626985000.0,12357607000.0,2454907000.0,9902700000.0,55651606000.0,2541465000.0,53110141000.0,11535164000.0,11535164000.0,0.0,0.0,0.0,1004155000.0,43338000.0,0.0,54675000.0,124736000.0,781406000.0,905911000.0,147736000.0,78335482000.0,505840000.0,505840000.0,0.0,0.0,0.0,75731527000.0,2098115000.0,120582000.0,0.0,0.0,0.0,1977533000.0,14987771000.0,8011431000.0,6976340000.0,0.0,1803495000.0,5172845000.0,0.0,93323253000.0,6501366000.0,2978177000.0,3523189000.0,874385000.0,45097000.0,829288000.0,4352477000.0,729050000.0,131411000.0,5212938000.0,88238000.0,5124700000.0,,1083173000.0,525046000.0,35691000.0,3480790000.0,8008000.0,2950000.0,3477840000.0,,1018345000.0,-35864000.0,2495359000.0,-31092000.0,2464267000.0,0.0,2495359000.0,527889000.0,165018000.0,1802452000.0,2495360000.0,,527889000.0,,499072000.0,28817000.0,,,,,165018000.0,165018000.0,,1802453000.0,4.45,19.9,0.15,737.11,5.5,73.13,7.63,,,,,,,
SCB,2076/2077,2019/2020,116434053000.0,39248549000.0,,1980950000.0,4210500000.0,,3010899000.0,53911294000.0,,13061725000.0,0.0,0.0,0.0,,40581000.0,0.0,173876000.0,35166000.0,585007000.0,0.0,175507000.0,101332484000.0,,799709000.0,0.0,1500000000.0,0.0,98467598000.0,,36624000.0,270428000.0,0.0,0.0,2028553000.0,15101569000.0,8011431000.0,,0.0,1521084000.0,5569054000.0,,116434053000.0,6626698000.0,3113438000.0,3513260000.0,732714000.0,40959000.0,691755000.0,4205015000.0,580804000.0,179228000.0,4965047000.0,439066000.0,4525981000.0,,1102472000.0,530171000.0,51898000.0,2841440000.0,758000.0,9634000.0,2832564000.0,848639000.0,808852000.0,39787000.0,1983926000.0,,,,,,,,1983926000.0,,437647000.0,,396785000.0,40862000.0,,,,,30499000.0,30499000.0,,1515780000.0,3.63,18.54,0.44,430.21,4.84,66.43,7.0,,,,15101569000.0,,,
SCB,2077/2078,2020/2021,114742130000.0,26856975000.0,,2236482000.0,1174100000.0,,9065233000.0,62405253000.0,,12816340000.0,,,,,273000.0,,126267000.0,34065000.0,958208000.0,,277099000.0,98517603000.0,,8426450000.0,621511000.0,1021511000.0,,87564220000.0,,19206000.0,32686000.0,20150000.0,,1845259000.0,16224527000.0,8572231000.0,,,1741158000.0,5911138000.0,,114742130000.0,5323616000.0,2726837000.0,2596779000.0,734041000.0,36060000.0,697981000.0,3294760000.0,554653000.0,214914000.0,4064327000.0,390412000.0,3673915000.0,,1045670000.0,532633000.0,64105000.0,2031507000.0,,22968000.0,2008539000.0,507266000.0,597173000.0,10122000.0,1401244000.0,,,,,,,,1401244000.0,,332678000.0,,280249000.0,52429000.0,,4014000.0,,,-103226000.0,,-103226000.0,1171792000.0,3.88,17.17,0.96,211.5,3.06,75.83,5.51,,,,16224527000.0,,,
SCB,2078/2079,2021/2022,123271952000.0,19139900000.0,,2380226000.0,2567372000.0,,10217346000.0,79173991000.0,,7910946000.0,,,,,22061000.0,,159825000.0,26834000.0,1408146000.0,,265304000.0,105167556000.0,,8223667000.0,514986000.0,3900000000.0,,93721916000.0,,22824000.0,14123000.0,3617000.0,,2684163000.0,18104395000.0,9429454000.0,,,2911240000.0,5763701000.0,,123271952000.0,7532675000.0,3775296000.0,3757380000.0,989696000.0,56977000.0,932719000.0,4690099000.0,657419000.0,2921000.0,5350439000.0,134307000.0,5216132000.0,,1266171000.0,579280000.0,119542000.0,3251138000.0,199000.0,8488000.0,3242650000.0,972795000.0,972795000.0,,2269855000.0,,,,,,,,2269855000.0,,-476670000.0,,-453971000.0,-1112000.0,,-22699000.0,,,1793185000.0,-199546000.0,,1593640000.0,4.23,16.0,0.59,303.08,6.21,85.15,8.81,,,,18104395000.0,,,
SCB,2079/2080,2022/2023,151609155000.0,34872083000.0,,4088938000.0,6940365000.0,,16830213000.0,77857560000.0,,8578067000.0,,,,,8182000.0,,137492000.0,9966000.0,1718145000.0,,568144000.0,131431845000.0,,4992295000.0,23196000.0,2630600000.0,2493868000.0,117500875000.0,,,52909000.0,2091000.0,,3725359000.0,20177309000.0,9429454000.0,,,2733936000.0,8013919000.0,,151609154000.0,12743270000.0,6788013000.0,5955257000.0,1536212000.0,186352000.0,1349860000.0,7305117000.0,582147000.0,20448000.0,7907712000.0,598333000.0,7309379000.0,,1551311000.0,550884000.0,158785000.0,5048399000.0,7448000.0,19539000.0,5036308000.0,1510893000.0,1510893000.0,,3525415000.0,,,,,,,,3525417000.0,2197903000.0,-1224832000.0,,-705083000.0,-4495000.0,-480000000.0,-35254000.0,,,2300585000.0,536033000.0,,2733936000.0,4.0,17.12,1.17,198.54,6.91,75.8,9.02,,,,20177309000.0,,,
SCB,2080/2081,2023/2024,140782015000.0,28499220000.0,,3750851000.0,3052000.0,,7487458000.0,81142342000.0,,17833740000.0,,,,,702000.0,,282382000.0,90510000.0,1226237000.0,,465521000.0,120222349000.0,,2341883000.0,,300000000.0,2523939000.0,112483887000.0,,,125058000.0,84222000.0,,2868340000.0,20559666000.0,9429454000.0,,,2499167000.0,8631045000.0,,140782015000.0,11080324000.0,5925830000.0,5154494000.0,1505439000.0,89655000.0,1415784000.0,6570278000.0,679697000.0,2202000.0,7252177000.0,216114000.0,7036063000.0,,1586605000.0,553195000.0,149757000.0,4746506000.0,6959000.0,26388000.0,4727077000.0,,1418123000.0,,3308954000.0,,,,,,,,3308954000.0,5704000.0,-1174881000.0,,-661791000.0,-781000.0,-480000000.0,-33090000.0,,,359390000.0,359390000.0,,2499167000.0,4.0,17.16,2.14,126.03,3.84,76.83,6.6,,,,20559666000.0,,,
SCB,2081/2082,2024/2025,155203119000.0,43686375000.0,,4348440000.0,3654128000.0,,14951265000.0,72712229000.0,,13571456000.0,,,,,5452000.0,,331787000.0,80405000.0,1483016000.0,,378566000.0,133415651000.0,,2068769000.0,,700000000.0,2524616000.0,125338848000.0,,,8340000.0,,,2767589000.0,21787468000.0,10042368000.0,,,1993326000.0,9751774000.0,,155203119000.0,8337194000.0,3848769000.0,4488425000.0,1846915000.0,482555000.0,1364360000.0,5852785000.0,721046000.0,23640000.0,6597471000.0,-336262000.0,6933733000.0,,1554421000.0,530513000.0,138675000.0,4710124000.0,9869000.0,165740000.0,4554253000.0,703127000.0,1524950000.0,,3029303000.0,,,,,,,,3029303000.0,57052000.0,-1131090000.0,,-605861000.0,-5339000.0,-480000000.0,-39890000.0,,,38061000.0,38061000.0,,1993326000.0,3.53,17.82,1.47,160.08,3.22,69.48,4.99,,,,21787468000.0,,15.8,15.8
SCB,2082/2083,2025/2026,161706155000.0,54061978000.0,,4569961000.0,3781541000.0,,14885683000.0,70117984000.0,,12255519000.0,,,,,2100000.0,,44060000.0,122216000.0,1492250000.0,,356822000.0,139340816000.0,,2364824000.0,,1800000000.0,2462985000.0,129627210000.0,,,,,,3083697000.0,22365339000.0,10042368000.0,,,2411048000.0,9911923000.0,,161706155000.0,1977443000.0,904993000.0,1072450000.0,484416000.0,68061000.0,416355000.0,1488805000.0,191502000.0,1350000.0,1681657000.0,178617000.0,1503040000.0,,348821000.0,130703000.0,34140000.0,989376000.0,3476000.0,4040000.0,988812000.0,,296644000.0,,692168000.0,,,,,,,,692169000.0,1996365000.0,-265400000.0,,-138434000.0,-44000.0,-120000000.0,-6922000.0,,,-12087000.0,-12087000.0,,2411047000.0,3.63,18.6,1.71,154.38,2.89,65.15,4.27,,,,22365339000.0,,16.58,16.58
